Metric Name,Metric Unit,Maximum,Minimum,Average
ID,,,,0
Process ID,,,,983399
Process Name,,,,iter004_maxr56
Host Name,,,,127.0.0.1
Kernel Name,,,,"matmul_bf16_fp32_draft(const __nv_bfloat16 *, const __nv_bfloat16 *, float *, int, int, int)"
Context,,,,1
Stream,,,,7
Block Size,,,,"(512, 1, 1)"
Grid Size,,,,"(128, 128, 1)"
Device,,,,0
CC,,,,8.6
c2clink__enabled_mask,,,,0
c2clink__present,,,,0
derived__avg_thread_executed,thread,,,32.000000
derived__avg_thread_executed_true,thread,,,30.000000
derived__memory_l1_conflicts_shared_nway,byte,,,0.000000
derived__memory_l1_wavefronts_shared_excessive,byte,,,0.000000
derived__memory_l2_theoretical_sectors_global_excessive,byte,,,0.000000
derived__sm__sass_thread_inst_executed_op_dfma_pred_on_x2,thread,,,184.000000
derived__sm__sass_thread_inst_executed_op_ffma_pred_on_x2,thread,,,11776.000000
derived__smsp__inst_executed_op_branch_pct,%,,,0.064175
derived__smsp__sass_thread_inst_executed_op_dfma_pred_on_x2,thread,,,0.000000
derived__smsp__sass_thread_inst_executed_op_ffma_pred_on_x2,thread,,,0.000000
device__attribute_architecture,,,,368
device__attribute_async_engine_count,,,,2
device__attribute_can_flush_remote_writes,,,,0
device__attribute_can_map_host_memory,,,,1
device__attribute_can_tex2d_gather,,,,1
device__attribute_can_use_64_bit_stream_mem_ops,,,,1
device__attribute_can_use_64_bit_stream_mem_ops_v1,,,,0
device__attribute_can_use_host_pointer_for_registered_mem,,,,1
device__attribute_can_use_stream_mem_ops_v1,,,,0
device__attribute_can_use_stream_wait_value_nor,,,,1
device__attribute_can_use_stream_wait_value_nor_v1,,,,0
device__attribute_chip,,,,372
device__attribute_clock_rate,,,,"1,770,000"
device__attribute_cluster_launch,,,,0
device__attribute_compute_capability_major,,,,8
device__attribute_compute_capability_minor,,,,6
device__attribute_compute_mode,,,,0
device__attribute_compute_preemption_supported,,,,1
device__attribute_concurrent_kernels,,,,1
device__attribute_concurrent_managed_access,,,,1
device__attribute_confidential_computing_mode,,,,No-CC
device__attribute_cooperative_launch,,,,1
device__attribute_cooperative_multi_device_launch,,,,1
device__attribute_deferred_mapping_cuda_array_supported,,,,1
device__attribute_device_index,,,,0
device__attribute_direct_managed_mem_access_from_host,,,,0
device__attribute_display_name,,,,NVIDIA GeForce RTX 3070
device__attribute_dma_buf_supported,,,,0
device__attribute_ecc_enabled,,,,0
device__attribute_fb_bus_width,,,,256
device__attribute_fbp_count,,,,4
device__attribute_generic_compression_supported,,,,1
device__attribute_global_l1_cache_supported,,,,1
device__attribute_global_memory_bus_width,,,,256
device__attribute_gpu_direct_rdma_flush_writes_options,,,,1
device__attribute_gpu_direct_rdma_supported,,,,0
device__attribute_gpu_direct_rdma_with_cuda_vmm_supported,,,,0
device__attribute_gpu_direct_rdma_writes_ordering,,,,0
device__attribute_gpu_overlap,,,,1
device__attribute_gpu_pci_device_id,,,,"612,896,990"
device__attribute_gpu_pci_ext_device_id,,,,"9,352"
device__attribute_gpu_pci_ext_downstream_link_rate,,,,"16,000"
device__attribute_gpu_pci_ext_downstream_link_width,,,,16
device__attribute_gpu_pci_ext_gen,,,,3
device__attribute_gpu_pci_ext_gpu_gen,,,,3
device__attribute_gpu_pci_ext_gpu_link_rate,,,,"16,000"
device__attribute_gpu_pci_ext_gpu_link_width,,,,16
device__attribute_gpu_pci_revision_id,,,,161
device__attribute_gpu_pci_sub_system_id,,,,"2,285,375,555"
device__attribute_handle_type_posix_file_descriptor_supported,,,,1
device__attribute_handle_type_win32_handle_supported,,,,0
device__attribute_handle_type_win32_kmt_handle_supported,,,,0
device__attribute_host_native_atomic_supported,,,,0
device__attribute_host_numa_id,,,,0
device__attribute_host_register_supported,,,,1
device__attribute_implementation,,,,372
device__attribute_integrated,,,,0
device__attribute_ipc_event_supported,,,,1
device__attribute_kernel_exec_timeout,,,,0
device__attribute_l2_cache_size,,,,"4,194,304"
device__attribute_l2s_count,,,,32
device__attribute_limits_max_cta_per_sm,,,,16
device__attribute_local_l1_cache_supported,,,,1
device__attribute_managed_memory,,,,1
device__attribute_max_access_policy_window_size,,,,"134,213,632"
device__attribute_max_block_dim_x,,,,"1,024"
device__attribute_max_block_dim_y,,,,"1,024"
device__attribute_max_block_dim_z,,,,64
device__attribute_max_blocks_per_multiprocessor,,,,16
device__attribute_max_gpu_frequency_khz,,,,"1,770,000"
device__attribute_max_grid_dim_x,,,,"2,147,483,647"
device__attribute_max_grid_dim_y,,,,"65,535"
device__attribute_max_grid_dim_z,,,,"65,535"
device__attribute_max_ipc_per_multiprocessor,,,,4
device__attribute_max_ipc_per_scheduler,,,,1
device__attribute_max_mem_frequency_khz,,,,"7,001,000"
device__attribute_max_persisting_l2_cache_size,,,,"3,145,728"
device__attribute_max_pitch,,,,"2,147,483,647"
device__attribute_max_registers_per_block,,,,"65,536"
device__attribute_max_registers_per_multiprocessor,,,,"65,536"
device__attribute_max_registers_per_thread,,,,255
device__attribute_max_shared_memory_per_block,,,,"49,152"
device__attribute_max_shared_memory_per_block_optin,,,,"101,376"
device__attribute_max_shared_memory_per_multiprocessor,,,,"102,400"
device__attribute_max_threads_per_block,,,,"1,024"
device__attribute_max_threads_per_multiprocessor,,,,"1,536"
device__attribute_max_warps_per_multiprocessor,,,,48
device__attribute_max_warps_per_scheduler,,,,12
device__attribute_maximum_surface1d_layered_layers,,,,"2,048"
device__attribute_maximum_surface1d_layered_width,,,,"32,768"
device__attribute_maximum_surface1d_width,,,,"32,768"
device__attribute_maximum_surface2d_height,,,,"65,536"
device__attribute_maximum_surface2d_layered_height,,,,"32,768"
device__attribute_maximum_surface2d_layered_layers,,,,"2,048"
device__attribute_maximum_surface2d_layered_width,,,,"32,768"
device__attribute_maximum_surface2d_width,,,,"131,072"
device__attribute_maximum_surface3d_depth,,,,"16,384"
device__attribute_maximum_surface3d_height,,,,"16,384"
device__attribute_maximum_surface3d_width,,,,"16,384"
device__attribute_maximum_surfacecubemap_layered_layers,,,,"2,046"
device__attribute_maximum_surfacecubemap_layered_width,,,,"32,768"
device__attribute_maximum_surfacecubemap_width,,,,"32,768"
device__attribute_maximum_texture1d_layered_layers,,,,"2,048"
device__attribute_maximum_texture1d_layered_width,,,,"32,768"
device__attribute_maximum_texture1d_linear_width,,,,"268,435,456"
device__attribute_maximum_texture1d_mipmapped_width,,,,"32,768"
device__attribute_maximum_texture1d_width,,,,"131,072"
device__attribute_maximum_texture2d_gather_height,,,,"32,768"
device__attribute_maximum_texture2d_gather_width,,,,"32,768"
device__attribute_maximum_texture2d_height,,,,"65,536"
device__attribute_maximum_texture2d_layered_height,,,,"32,768"
device__attribute_maximum_texture2d_layered_layers,,,,"2,048"
device__attribute_maximum_texture2d_layered_width,,,,"32,768"
device__attribute_maximum_texture2d_linear_height,,,,"65,000"
device__attribute_maximum_texture2d_linear_pitch,,,,"2,097,120"
device__attribute_maximum_texture2d_linear_width,,,,"131,072"
device__attribute_maximum_texture2d_mipmapped_height,,,,"32,768"
device__attribute_maximum_texture2d_mipmapped_width,,,,"32,768"
device__attribute_maximum_texture2d_width,,,,"131,072"
device__attribute_maximum_texture3d_depth,,,,"16,384"
device__attribute_maximum_texture3d_depth_alternate,,,,"32,768"
device__attribute_maximum_texture3d_height,,,,"16,384"
device__attribute_maximum_texture3d_height_alternate,,,,"8,192"
device__attribute_maximum_texture3d_width,,,,"16,384"
device__attribute_maximum_texture3d_width_alternate,,,,"8,192"
device__attribute_maximum_texturecubemap_layered_layers,,,,"2,046"
device__attribute_maximum_texturecubemap_layered_width,,,,"32,768"
device__attribute_maximum_texturecubemap_width,,,,"32,768"
device__attribute_mem_sync_domain_count,,,,1
device__attribute_memory_clock_rate,,,,"7,001,000"
device__attribute_memory_pools_supported,,,,1
device__attribute_mempool_supported_handle_types,,,,1
device__attribute_multi_gpu_board,,,,0
device__attribute_multi_gpu_board_group_id,,,,0
device__attribute_multicast_supported,,,,0
device__attribute_multiprocessor_count,,,,46
device__attribute_num_l2s_per_fbp,,,,8
device__attribute_num_schedulers_per_multiprocessor,,,,4
device__attribute_num_tex_per_multiprocessor,,,,1
device__attribute_numa_config,,,,0
device__attribute_pageable_memory_access,,,,0
device__attribute_pageable_memory_access_uses_host_page_tables,,,,0
device__attribute_pci_bus_id,,,,33
device__attribute_pci_device_id,,,,0
device__attribute_pci_domain_id,,,,0
device__attribute_ram_location,,,,1
device__attribute_ram_type,,,,17
device__attribute_reserved_shared_memory_per_block,,,,"1,024"
device__attribute_sass_level,,,,8
device__attribute_single_to_double_precision_perf_ratio,,,,32
device__attribute_sparse_cuda_array_supported,,,,1
device__attribute_stream_priorities_supported,,,,1
device__attribute_surface_alignment,,,,512
device__attribute_tcc_driver,,,,0
device__attribute_tensor_map_access_supported,,,,0
device__attribute_texture_alignment,,,,512
device__attribute_texture_pitch_alignment,,,,32
device__attribute_total_constant_memory,,,,"65,536"
device__attribute_total_memory,,,,"8,358,002,688"
device__attribute_unified_addressing,,,,1
device__attribute_unified_function_pointers,,,,0
device__attribute_virtual_address_management_supported,,,,1
device__attribute_warp_size,,,,32
dram__bytes.sum.peak_sustained,byte/cycle,,,64.000000
dram__bytes.sum.per_second,Gbyte/second,,,161.887234
dram__bytes_read.sum,Gbyte,,,2.212823
dram__bytes_read.sum.pct_of_peak_sustained_elapsed,%,,,25.102408
dram__bytes_read.sum.per_second,Gbyte/second,,,109.048170
dram__bytes_write.sum,Gbyte,,,1.072219
dram__bytes_write.sum.pct_of_peak_sustained_elapsed,%,,,12.163320
dram__bytes_write.sum.per_second,Gbyte/second,,,52.839065
dram__cycles_active.avg.pct_of_peak_sustained_elapsed,%,,,37.265728
dram__cycles_elapsed.avg.per_second,cycle/nsecond,,,6.787706
dram__sectors_read.sum,sector,,,69150716.000000
dram__sectors_write.sum,sector,,,33506836.000000
fbpa__dram_sectors.avg.pct_of_peak_sustained_elapsed,%,,,22.212422
gpc__cycles_elapsed.avg.per_second,cycle/nsecond,,,1.496578
gpc__cycles_elapsed.max,cycle,,,30388961.000000
gpu__compute_memory_access_throughput.avg.pct_of_peak_sustained_elapsed,%,,,31.216289
gpu__compute_memory_request_throughput.avg.pct_of_peak_sustained_elapsed,%,,,52.355923
gpu__compute_memory_throughput.avg.pct_of_peak_sustained_elapsed,%,,,52.355923
gpu__dram_throughput.avg.pct_of_peak_sustained_elapsed,%,,,37.265728
gpu__time_duration.sum,msecond,,,20.292160
idc__request_cycles_active.avg.pct_of_peak_sustained_elapsed,%,,,0.000000
inst_executed,inst,,,2258894848.000000
l1tex__cycles_active.sum,cycle,,,1390473827.000000
l1tex__cycles_elapsed.sum,cycle,,,1396941778.000000
l1tex__data_bank_conflicts_pipe_lsu_mem_shared.sum,,,,0
l1tex__data_bank_conflicts_pipe_lsu_mem_shared_op_atom.sum,,,,0
l1tex__data_bank_conflicts_pipe_lsu_mem_shared_op_ld.sum,,,,0
l1tex__data_bank_conflicts_pipe_lsu_mem_shared_op_st.sum,,,,0
l1tex__data_bank_reads.avg.pct_of_peak_sustained_elapsed,%,,,7.506322
l1tex__data_bank_writes.avg.pct_of_peak_sustained_elapsed,%,,,2.700143
l1tex__data_pipe_lsu_wavefronts.avg.pct_of_peak_sustained_elapsed,%,,,31.216289
l1tex__data_pipe_lsu_wavefronts_mem_shared.sum,,,,"295,524,791"
l1tex__data_pipe_lsu_wavefronts_mem_shared.sum.pct_of_peak_sustained_elapsed,%,,,21.155126
l1tex__data_pipe_lsu_wavefronts_mem_shared_op_atom.sum,,,,0
l1tex__data_pipe_lsu_wavefronts_mem_shared_op_atom.sum.pct_of_peak_sustained_elapsed,%,,,0.000000
l1tex__data_pipe_lsu_wavefronts_mem_shared_op_ld.sum,,,,"134,251,160"
l1tex__data_pipe_lsu_wavefronts_mem_shared_op_ld.sum.pct_of_peak_sustained_elapsed,%,,,9.610362
l1tex__data_pipe_lsu_wavefronts_mem_shared_op_st.sum,,,,"67,108,864"
l1tex__data_pipe_lsu_wavefronts_mem_shared_op_st.sum.pct_of_peak_sustained_elapsed,%,,,4.803984
l1tex__data_pipe_tex_wavefronts.avg.pct_of_peak_sustained_elapsed,%,,,0.000000
l1tex__f_wavefronts.avg.pct_of_peak_sustained_elapsed,%,,,0.000000
l1tex__lsu_writeback_active.avg.pct_of_peak_sustained_elapsed,%,,,21.078544
l1tex__lsu_writeback_active_mem_lg.sum,cycle,,,92913168.000000
l1tex__lsu_writeback_active_mem_lg.sum.pct_of_peak_sustained_elapsed,%,,,6.651184
l1tex__lsuin_requests.avg.pct_of_peak_sustained_elapsed,%,,,52.355923
l1tex__m_l1tex2xbar_req_cycles_active.avg.pct_of_peak_sustained_elapsed,%,,,7.027176
l1tex__m_l1tex2xbar_write_bytes.sum,Gbyte,,,1.073742
l1tex__m_l1tex2xbar_write_bytes.sum.pct_of_peak_sustained_elapsed,%,,,2.401992
l1tex__m_l1tex2xbar_write_bytes.sum.per_second,Gbyte/second,,,52.914122
l1tex__m_l1tex2xbar_write_sectors_mem_global_op_atom.sum,sector,,,0.000000
l1tex__m_l1tex2xbar_write_sectors_mem_global_op_atom.sum.pct_of_peak_sustained_elapsed,%,,,0.000000
l1tex__m_l1tex2xbar_write_sectors_mem_global_op_red.sum,sector,,,0.000000
l1tex__m_l1tex2xbar_write_sectors_mem_global_op_red.sum.pct_of_peak_sustained_elapsed,%,,,0.000000
l1tex__m_l1tex2xbar_write_sectors_mem_lg_op_st.sum,sector,,,33554432.000000
l1tex__m_l1tex2xbar_write_sectors_mem_lg_op_st.sum.pct_of_peak_sustained_elapsed,%,,,2.401992
l1tex__m_l1tex2xbar_write_sectors_mem_surface_op_atom.sum,sector,,,0.000000
l1tex__m_l1tex2xbar_write_sectors_mem_surface_op_atom.sum.pct_of_peak_sustained_elapsed,%,,,0.000000
l1tex__m_l1tex2xbar_write_sectors_mem_surface_op_red.sum,sector,,,0.000000
l1tex__m_l1tex2xbar_write_sectors_mem_surface_op_red.sum.pct_of_peak_sustained_elapsed,%,,,0.000000
l1tex__m_l1tex2xbar_write_sectors_mem_surface_op_st.sum,sector,,,0.000000
l1tex__m_l1tex2xbar_write_sectors_mem_surface_op_st.sum.pct_of_peak_sustained_elapsed,%,,,0.000000
l1tex__m_xbar2l1tex_read_bytes.sum,Gbyte,,,4.286328
l1tex__m_xbar2l1tex_read_bytes.sum.pct_of_peak_sustained_elapsed,%,,,9.588643
l1tex__m_xbar2l1tex_read_bytes.sum.per_second,Gbyte/second,,,211.230756
l1tex__m_xbar2l1tex_read_sectors.avg.pct_of_peak_sustained_elapsed,%,,,9.588643
l1tex__m_xbar2l1tex_read_sectors_mem_global_op_atom.sum,sector,,,0.000000
l1tex__m_xbar2l1tex_read_sectors_mem_global_op_atom.sum.pct_of_peak_sustained_elapsed,%,,,0.000000
l1tex__m_xbar2l1tex_read_sectors_mem_lg_op_ld.sum,sector,,,133957145.000000
l1tex__m_xbar2l1tex_read_sectors_mem_lg_op_ld.sum.pct_of_peak_sustained_elapsed,%,,,9.589315
l1tex__m_xbar2l1tex_read_sectors_mem_surface_op_atom.sum,sector,,,0.000000
l1tex__m_xbar2l1tex_read_sectors_mem_surface_op_atom.sum.pct_of_peak_sustained_elapsed,%,,,0.000000
l1tex__m_xbar2l1tex_read_sectors_mem_surface_op_ld.sum,sector,,,0.000000
l1tex__m_xbar2l1tex_read_sectors_mem_surface_op_ld.sum.pct_of_peak_sustained_elapsed,%,,,0.000000
l1tex__m_xbar2l1tex_read_sectors_mem_texture.sum,sector,,,0.000000
l1tex__m_xbar2l1tex_read_sectors_mem_texture.sum.pct_of_peak_sustained_elapsed,%,,,0.000000
l1tex__t_output_wavefronts_pipe_lsu_mem_global_op_atom.sum,,,,0
l1tex__t_output_wavefronts_pipe_lsu_mem_global_op_atom.sum.pct_of_peak_sustained_elapsed,%,,,0.000000
l1tex__t_output_wavefronts_pipe_lsu_mem_global_op_ld.sum,,,,"67,109,374"
l1tex__t_output_wavefronts_pipe_lsu_mem_global_op_ld.sum.pct_of_peak_sustained_elapsed,%,,,4.804021
l1tex__t_output_wavefronts_pipe_lsu_mem_global_op_red.sum,,,,0
l1tex__t_output_wavefronts_pipe_lsu_mem_global_op_red.sum.pct_of_peak_sustained_elapsed,%,,,0.000000
l1tex__t_output_wavefronts_pipe_lsu_mem_global_op_st.sum,,,,"9,050,795"
l1tex__t_output_wavefronts_pipe_lsu_mem_global_op_st.sum.pct_of_peak_sustained_elapsed,%,,,0.647901
l1tex__t_output_wavefronts_pipe_lsu_mem_local_op_ld.sum,,,,0
l1tex__t_output_wavefronts_pipe_lsu_mem_local_op_ld.sum.pct_of_peak_sustained_elapsed,%,,,0.000000
l1tex__t_output_wavefronts_pipe_lsu_mem_local_op_st.sum,,,,0
l1tex__t_output_wavefronts_pipe_lsu_mem_local_op_st.sum.pct_of_peak_sustained_elapsed,%,,,0.000000
l1tex__t_output_wavefronts_pipe_tex_mem_surface_op_atom.sum,,,,0
l1tex__t_output_wavefronts_pipe_tex_mem_surface_op_atom.sum.pct_of_peak_sustained_elapsed,%,,,0.000000
l1tex__t_output_wavefronts_pipe_tex_mem_surface_op_ld.sum,,,,0
l1tex__t_output_wavefronts_pipe_tex_mem_surface_op_ld.sum.pct_of_peak_sustained_elapsed,%,,,0.000000
l1tex__t_output_wavefronts_pipe_tex_mem_surface_op_red.sum,,,,0
l1tex__t_output_wavefronts_pipe_tex_mem_surface_op_red.sum.pct_of_peak_sustained_elapsed,%,,,0.000000
l1tex__t_output_wavefronts_pipe_tex_mem_surface_op_st.sum,,,,0
l1tex__t_output_wavefronts_pipe_tex_mem_surface_op_st.sum.pct_of_peak_sustained_elapsed,%,,,0.000000
l1tex__t_output_wavefronts_pipe_tex_mem_texture.sum,,,,0
l1tex__t_output_wavefronts_pipe_tex_mem_texture.sum.pct_of_peak_sustained_elapsed,%,,,0.000000
l1tex__t_requests_pipe_lsu_mem_global_op_atom.sum,request,,,0.000000
l1tex__t_requests_pipe_lsu_mem_global_op_atom.sum.pct_of_peak_sustained_elapsed,%,,,0.000000
l1tex__t_requests_pipe_lsu_mem_global_op_ld.sum,request,,,67108864.000000
l1tex__t_requests_pipe_lsu_mem_global_op_ld.sum.pct_of_peak_sustained_elapsed,%,,,4.803984
l1tex__t_requests_pipe_lsu_mem_global_op_red.sum,request,,,0.000000
l1tex__t_requests_pipe_lsu_mem_global_op_red.sum.pct_of_peak_sustained_elapsed,%,,,0.000000
l1tex__t_requests_pipe_lsu_mem_global_op_st.sum,request,,,4194304.000000
l1tex__t_requests_pipe_lsu_mem_global_op_st.sum.pct_of_peak_sustained_elapsed,%,,,0.300249
l1tex__t_requests_pipe_lsu_mem_local_op_ld.sum,request,,,0.000000
l1tex__t_requests_pipe_lsu_mem_local_op_ld.sum.pct_of_peak_sustained_elapsed,%,,,0.000000
l1tex__t_requests_pipe_lsu_mem_local_op_st.sum,request,,,0.000000
l1tex__t_requests_pipe_lsu_mem_local_op_st.sum.pct_of_peak_sustained_elapsed,%,,,0.000000
l1tex__t_requests_pipe_tex_mem_surface_op_atom.sum,request,,,0.000000
l1tex__t_requests_pipe_tex_mem_surface_op_atom.sum.pct_of_peak_sustained_elapsed,%,,,0.000000
l1tex__t_requests_pipe_tex_mem_surface_op_ld.sum,request,,,0.000000
l1tex__t_requests_pipe_tex_mem_surface_op_ld.sum.pct_of_peak_sustained_elapsed,%,,,0.000000
l1tex__t_requests_pipe_tex_mem_surface_op_red.sum,request,,,0.000000
l1tex__t_requests_pipe_tex_mem_surface_op_red.sum.pct_of_peak_sustained_elapsed,%,,,0.000000
l1tex__t_requests_pipe_tex_mem_surface_op_st.sum,request,,,0.000000
l1tex__t_requests_pipe_tex_mem_surface_op_st.sum.pct_of_peak_sustained_elapsed,%,,,0.000000
l1tex__t_requests_pipe_tex_mem_texture.sum,request,,,0.000000
l1tex__t_requests_pipe_tex_mem_texture.sum.pct_of_peak_sustained_elapsed,%,,,0.000000
l1tex__t_sector_hit_rate.pct,%,,,14.748126
l1tex__t_sector_pipe_lsu_mem_global_op_atom_hit_rate.pct,%,,,0.000000
l1tex__t_sector_pipe_lsu_mem_global_op_ld_hit_rate.pct,%,,,0.175484
l1tex__t_sector_pipe_lsu_mem_global_op_red_hit_rate.pct,%,,,0.000000
l1tex__t_sector_pipe_lsu_mem_global_op_st_hit_rate.pct,%,,,69.867057
l1tex__t_sector_pipe_lsu_mem_local_op_ld_hit_rate.pct,%,,,0.000000
l1tex__t_sector_pipe_lsu_mem_local_op_st_hit_rate.pct,%,,,0.000000
l1tex__t_sector_pipe_tex_mem_surface_op_atom_hit_rate.pct,%,,,0.000000
l1tex__t_sector_pipe_tex_mem_surface_op_ld_hit_rate.pct,%,,,0.000000
l1tex__t_sector_pipe_tex_mem_surface_op_red_hit_rate.pct,%,,,0.000000
l1tex__t_sector_pipe_tex_mem_surface_op_st_hit_rate.pct,%,,,0.000000
l1tex__t_sector_pipe_tex_mem_texture_op_tex_hit_rate.pct,%,,,0.000000
l1tex__t_sectors.sum.pct_of_peak_sustained_elapsed,%,,,0.718182
l1tex__t_sectors_pipe_lsu_mem_global_op_atom.sum,sector,,,0.000000
l1tex__t_sectors_pipe_lsu_mem_global_op_atom_lookup_hit.sum,sector,,,0.000000
l1tex__t_sectors_pipe_lsu_mem_global_op_atom_lookup_miss.sum,sector,,,0.000000
l1tex__t_sectors_pipe_lsu_mem_global_op_ld.sum,sector,,,127154835.000000
l1tex__t_sectors_pipe_lsu_mem_global_op_ld_lookup_hit.sum,sector,,,223136.000000
l1tex__t_sectors_pipe_lsu_mem_global_op_ld_lookup_miss.sum,sector,,,126931699.000000
l1tex__t_sectors_pipe_lsu_mem_global_op_red.sum,sector,,,0.000000
l1tex__t_sectors_pipe_lsu_mem_global_op_red_lookup_hit.sum,sector,,,0.000000
l1tex__t_sectors_pipe_lsu_mem_global_op_red_lookup_miss.sum,sector,,,0.000000
l1tex__t_sectors_pipe_lsu_mem_global_op_st.sum,sector,,,33554432.000000
l1tex__t_sectors_pipe_lsu_mem_global_op_st_lookup_hit.sum,sector,,,23443494.000000
l1tex__t_sectors_pipe_lsu_mem_global_op_st_lookup_miss.sum,sector,,,10110938.000000
l1tex__t_sectors_pipe_lsu_mem_local_op_ld.sum,sector,,,0.000000
l1tex__t_sectors_pipe_lsu_mem_local_op_ld_lookup_hit.sum,sector,,,0.000000
l1tex__t_sectors_pipe_lsu_mem_local_op_ld_lookup_miss.sum,sector,,,0.000000
l1tex__t_sectors_pipe_lsu_mem_local_op_st.sum,sector,,,0.000000
l1tex__t_sectors_pipe_lsu_mem_local_op_st_lookup_hit.sum,sector,,,0.000000
l1tex__t_sectors_pipe_lsu_mem_local_op_st_lookup_miss.sum,sector,,,0.000000
l1tex__t_sectors_pipe_tex_mem_surface_op_atom.sum,sector,,,0.000000
l1tex__t_sectors_pipe_tex_mem_surface_op_atom_lookup_hit.sum,sector,,,0.000000
l1tex__t_sectors_pipe_tex_mem_surface_op_atom_lookup_miss.sum,sector,,,0.000000
l1tex__t_sectors_pipe_tex_mem_surface_op_ld.sum,sector,,,0.000000
l1tex__t_sectors_pipe_tex_mem_surface_op_ld_lookup_hit.sum,sector,,,0.000000
l1tex__t_sectors_pipe_tex_mem_surface_op_ld_lookup_miss.sum,sector,,,0.000000
l1tex__t_sectors_pipe_tex_mem_surface_op_red.sum,sector,,,0.000000
l1tex__t_sectors_pipe_tex_mem_surface_op_red_lookup_hit.sum,sector,,,0.000000
l1tex__t_sectors_pipe_tex_mem_surface_op_red_lookup_miss.sum,sector,,,0.000000
l1tex__t_sectors_pipe_tex_mem_surface_op_st.sum,sector,,,0.000000
l1tex__t_sectors_pipe_tex_mem_surface_op_st_lookup_hit.sum,sector,,,0.000000
l1tex__t_sectors_pipe_tex_mem_surface_op_st_lookup_miss.sum,sector,,,0.000000
l1tex__t_sectors_pipe_tex_mem_texture.sum,sector,,,0.000000
l1tex__t_sectors_pipe_tex_mem_texture_lookup_hit.sum,sector,,,0.000000
l1tex__t_sectors_pipe_tex_mem_texture_lookup_miss.sum,sector,,,0.000000
l1tex__tex_writeback_active.avg.pct_of_peak_sustained_elapsed,%,,,0.000000
l1tex__tex_writeback_active.sum,cycle,,,0.000000
l1tex__tex_writeback_active.sum.pct_of_peak_sustained_elapsed,%,,,0.000000
l1tex__texin_sm2tex_req_cycles_active.avg.pct_of_peak_sustained_elapsed,%,,,0.076265
l1tex__throughput.avg.pct_of_peak_sustained_active,%,,,52.599463
launch__block_dim_x,block,,,512.000000
launch__block_dim_y,block,,,1.000000
launch__block_dim_z,block,,,1.000000
launch__block_size,,,,512
launch__context_id,,,,1
launch__device_id,,,,0
launch__func_cache_config,,,,CachePreferNone
launch__function_pcs,,,,"140,079,813,446,912"
launch__grid_dim_x,,,,128
launch__grid_dim_y,,,,128
launch__grid_dim_z,,,,1
launch__grid_size,,,,"16,384"
launch__occupancy_limit_blocks,block,,,16.000000
launch__occupancy_limit_registers,block,,,2.000000
launch__occupancy_limit_shared_mem,block,,,2.000000
launch__occupancy_limit_warps,block,,,3.000000
launch__occupancy_per_block_size,,,,"1,330"
launch__occupancy_per_register_count,,,,"3,104"
launch__occupancy_per_shared_mem_size,,,,"4,224"
launch__registers_per_thread,register/thread,,,64.000000
launch__registers_per_thread_allocated,register/thread,,,32768.000000
launch__shared_mem_config_size,Kbyte,,,65.536000
launch__shared_mem_per_block,Kbyte/block,,,22.016000
launch__shared_mem_per_block_allocated,Kbyte/block,,,22.016000
launch__shared_mem_per_block_driver,Kbyte/block,,,1.024000
launch__shared_mem_per_block_dynamic,byte/block,,,0.000000
launch__shared_mem_per_block_static,Kbyte/block,,,20.992000
launch__stream_id,,,,7
launch__thread_count,thread,,,8388608.000000
launch__uses_cdp,,,,0
launch__waves_per_multiprocessor,,,,178.09
lts__average_gcomp_input_sector_success_rate.pct,%,,,0.000000
lts__average_gcomp_output_sector_compression_achieved_rate.ratio,,,,0
lts__d_atomic_input_cycles_active.avg.pct_of_peak_sustained_elapsed,%,,,0.000000
lts__d_sectors.avg.pct_of_peak_sustained_elapsed,%,,,7.307107
lts__d_sectors_fill_device.avg.pct_of_peak_sustained_elapsed,%,,,7.478572
lts__d_sectors_fill_sysmem.avg.pct_of_peak_sustained_elapsed,%,,,0.000600
lts__gcomp_input_sectors.sum,sector,,,0.000000
lts__gcomp_input_sectors.sum.pct_of_peak_sustained_elapsed,%,,,0.000000
lts__gcomp_input_sectors.sum.per_second,sector/second,,,0.000000
lts__gcomp_output_sectors.sum,sector,,,0.000000
lts__gcomp_output_sectors.sum.pct_of_peak_sustained_elapsed,%,,,0.000000
lts__gcomp_output_sectors.sum.per_second,sector/second,,,0.000000
lts__lts2xbar_cycles_active.avg.pct_of_peak_sustained_elapsed,%,,,14.513541
lts__t_requests.sum,request,,,133007808.000000
lts__t_requests_srcunit_tex.sum,request,,,132946105.000000
lts__t_requests_srcunit_tex_op_atom_dot_alu.sum,request,,,0.000000
lts__t_requests_srcunit_tex_op_atom_dot_cas.sum,request,,,0.000000
lts__t_requests_srcunit_tex_op_read.sum,request,,,99465178.000000
lts__t_requests_srcunit_tex_op_red.sum,request,,,0.000000
lts__t_requests_srcunit_tex_op_write.sum,request,,,33472682.000000
lts__t_sector_hit_rate.pct,%,,,58.787211
lts__t_sectors.avg.pct_of_peak_sustained_elapsed,%,,,18.150970
lts__t_sectors.avg.peak_sustained,sector/cycle,,,1.000000
lts__t_sectors.avg.per_cycle_elapsed,sector/cycle,,,0.181510
lts__t_sectors.sum,sector,,,167774061.000000
lts__t_sectors.sum.per_second,sector/nsecond,,,8.267925
lts__t_sectors_aperture_device_lookup_miss.sum,sector,,,69116426.000000
lts__t_sectors_aperture_peer_lookup_miss.sum,sector,,,0.000000
lts__t_sectors_aperture_sysmem_lookup_miss.sum,sector,,,0.000000
lts__t_sectors_data_ecc.avg.pct_of_peak_sustained_elapsed,%,,,0.000000
lts__t_sectors_data_ecc.avg.peak_sustained,sector/cycle,,,8.000000
lts__t_sectors_data_ecc.avg.per_cycle_elapsed,sector/cycle,,,0.000000
lts__t_sectors_data_ecc.sum,sector,,,0.000000
lts__t_sectors_data_ecc.sum.per_second,sector/second,,,0.000000
lts__t_sectors_evict_first_lookup_hit.sum,sector,,,7720.000000
lts__t_sectors_evict_first_lookup_miss.sum,sector,,,142577.000000
lts__t_sectors_evict_last_lookup_hit.sum,sector,,,0.000000
lts__t_sectors_evict_last_lookup_miss.sum,sector,,,0.000000
lts__t_sectors_evict_normal_demote_lookup_hit.sum,sector,,,0.000000
lts__t_sectors_evict_normal_demote_lookup_miss.sum,sector,,,0.000000
lts__t_sectors_evict_normal_lookup_hit.sum,sector,,,98566150.000000
lts__t_sectors_evict_normal_lookup_miss.sum,sector,,,68987177.000000
lts__t_sectors_lookup_hit.sum,sector,,,98629691.000000
lts__t_sectors_lookup_miss.sum,sector,,,69147817.000000
lts__t_sectors_op_read.sum.pct_of_peak_sustained_elapsed,%,,,14.520344
lts__t_sectors_op_write.sum.pct_of_peak_sustained_elapsed,%,,,3.630736
lts__t_sectors_srcunit_tex.avg.pct_of_peak_sustained_elapsed,%,,,18.121843
lts__t_sectors_srcunit_tex.avg.peak_sustained,sector/cycle,,,1.000000
lts__t_sectors_srcunit_tex.avg.per_cycle_elapsed,sector/cycle,,,0.181218
lts__t_sectors_srcunit_tex.sum,sector,,,167504833.000000
lts__t_sectors_srcunit_tex.sum.per_second,sector/nsecond,,,8.254658
lts__t_sectors_srcunit_tex_aperture_device_lookup_miss.sum,sector,,,69006018.000000
lts__t_sectors_srcunit_tex_aperture_device_op_atom_dot_alu_lookup_miss.sum,sector,,,0.000000
lts__t_sectors_srcunit_tex_aperture_device_op_atom_dot_cas_lookup_miss.sum,sector,,,0.000000
lts__t_sectors_srcunit_tex_aperture_device_op_read_lookup_miss.sum,sector,,,68987365.000000
lts__t_sectors_srcunit_tex_aperture_device_op_red_lookup_miss.sum,sector,,,0.000000
lts__t_sectors_srcunit_tex_aperture_device_op_write_lookup_miss.sum,sector,,,0.000000
lts__t_sectors_srcunit_tex_aperture_peer_lookup_miss.sum,sector,,,0.000000
lts__t_sectors_srcunit_tex_aperture_peer_op_atom_dot_alu_lookup_miss.sum,sector,,,0.000000
lts__t_sectors_srcunit_tex_aperture_peer_op_atom_dot_cas_lookup_miss.sum,sector,,,0.000000
lts__t_sectors_srcunit_tex_aperture_peer_op_read_lookup_miss.sum,sector,,,0.000000
lts__t_sectors_srcunit_tex_aperture_peer_op_read_lookup_miss.sum.pct_of_peak_sustained_elapsed,%,,,0.000000
lts__t_sectors_srcunit_tex_aperture_peer_op_read_lookup_miss.sum.per_second,sector/second,,,0.000000
lts__t_sectors_srcunit_tex_aperture_peer_op_red_lookup_miss.sum,sector,,,0.000000
lts__t_sectors_srcunit_tex_aperture_peer_op_red_lookup_miss.sum.pct_of_peak_sustained_elapsed,%,,,0.000000
lts__t_sectors_srcunit_tex_aperture_peer_op_red_lookup_miss.sum.per_second,sector/second,,,0.000000
lts__t_sectors_srcunit_tex_aperture_peer_op_write_lookup_miss.sum,sector,,,0.000000
lts__t_sectors_srcunit_tex_aperture_peer_op_write_lookup_miss.sum.pct_of_peak_sustained_elapsed,%,,,0.000000
lts__t_sectors_srcunit_tex_aperture_peer_op_write_lookup_miss.sum.per_second,sector/second,,,0.000000
lts__t_sectors_srcunit_tex_aperture_sysmem_lookup_miss.sum,sector,,,0.000000
lts__t_sectors_srcunit_tex_aperture_sysmem_op_atom_dot_alu_lookup_miss.sum,sector,,,0.000000
lts__t_sectors_srcunit_tex_aperture_sysmem_op_atom_dot_cas_lookup_miss.sum,sector,,,0.000000
lts__t_sectors_srcunit_tex_aperture_sysmem_op_read_lookup_miss.sum,sector,,,0.000000
lts__t_sectors_srcunit_tex_aperture_sysmem_op_read_lookup_miss.sum.pct_of_peak_sustained_elapsed,%,,,0.000000
lts__t_sectors_srcunit_tex_aperture_sysmem_op_read_lookup_miss.sum.per_second,sector/second,,,0.000000
lts__t_sectors_srcunit_tex_aperture_sysmem_op_red_lookup_miss.sum,sector,,,0.000000
lts__t_sectors_srcunit_tex_aperture_sysmem_op_red_lookup_miss.sum.pct_of_peak_sustained_elapsed,%,,,0.000000
lts__t_sectors_srcunit_tex_aperture_sysmem_op_red_lookup_miss.sum.per_second,sector/second,,,0.000000
lts__t_sectors_srcunit_tex_aperture_sysmem_op_write_lookup_miss.sum,sector,,,0.000000
lts__t_sectors_srcunit_tex_aperture_sysmem_op_write_lookup_miss.sum.pct_of_peak_sustained_elapsed,%,,,0.000000
lts__t_sectors_srcunit_tex_aperture_sysmem_op_write_lookup_miss.sum.per_second,sector/second,,,0.000000
lts__t_sectors_srcunit_tex_evict_first_lookup_hit.sum,sector,,,0.000000
lts__t_sectors_srcunit_tex_evict_first_lookup_miss.sum,sector,,,0.000000
lts__t_sectors_srcunit_tex_evict_last_lookup_hit.sum,sector,,,0.000000
lts__t_sectors_srcunit_tex_evict_last_lookup_miss.sum,sector,,,0.000000
lts__t_sectors_srcunit_tex_evict_normal_demote_lookup_hit.sum,sector,,,0.000000
lts__t_sectors_srcunit_tex_evict_normal_demote_lookup_miss.sum,sector,,,0.000000
lts__t_sectors_srcunit_tex_evict_normal_lookup_hit.sum,sector,,,98508292.000000
lts__t_sectors_srcunit_tex_evict_normal_lookup_miss.sum,sector,,,68975090.000000
lts__t_sectors_srcunit_tex_lookup_hit.sum,sector,,,98517438.000000
lts__t_sectors_srcunit_tex_lookup_miss.sum,sector,,,68975642.000000
lts__t_sectors_srcunit_tex_op_atom_dot_alu.avg.pct_of_peak_sustained_elapsed,%,,,0.000000
lts__t_sectors_srcunit_tex_op_atom_dot_alu.avg.peak_sustained,sector/cycle,,,1.000000
lts__t_sectors_srcunit_tex_op_atom_dot_alu.avg.per_cycle_elapsed,sector/cycle,,,0.000000
lts__t_sectors_srcunit_tex_op_atom_dot_alu.sum,sector,,,0.000000
lts__t_sectors_srcunit_tex_op_atom_dot_alu.sum.per_second,sector/second,,,0.000000
lts__t_sectors_srcunit_tex_op_atom_dot_alu_lookup_hit.sum,sector,,,0.000000
lts__t_sectors_srcunit_tex_op_atom_dot_alu_lookup_miss.sum,sector,,,0.000000
lts__t_sectors_srcunit_tex_op_atom_dot_cas.avg.pct_of_peak_sustained_elapsed,%,,,0.000000
lts__t_sectors_srcunit_tex_op_atom_dot_cas.avg.peak_sustained,sector/cycle,,,1.000000
lts__t_sectors_srcunit_tex_op_atom_dot_cas.avg.per_cycle_elapsed,sector/cycle,,,0.000000
lts__t_sectors_srcunit_tex_op_atom_dot_cas.sum,sector,,,0.000000
lts__t_sectors_srcunit_tex_op_atom_dot_cas.sum.per_second,sector/second,,,0.000000
lts__t_sectors_srcunit_tex_op_atom_dot_cas_lookup_hit.sum,sector,,,0.000000
lts__t_sectors_srcunit_tex_op_atom_dot_cas_lookup_miss.sum,sector,,,0.000000
lts__t_sectors_srcunit_tex_op_atom_evict_first_lookup_hit.sum,sector,,,0.000000
lts__t_sectors_srcunit_tex_op_atom_evict_first_lookup_miss.sum,sector,,,0.000000
lts__t_sectors_srcunit_tex_op_atom_evict_last_lookup_hit.sum,sector,,,0.000000
lts__t_sectors_srcunit_tex_op_atom_evict_last_lookup_miss.sum,sector,,,0.000000
lts__t_sectors_srcunit_tex_op_atom_evict_normal_lookup_hit.sum,sector,,,0.000000
lts__t_sectors_srcunit_tex_op_atom_evict_normal_lookup_miss.sum,sector,,,0.000000
lts__t_sectors_srcunit_tex_op_read.avg.pct_of_peak_sustained_elapsed,%,,,14.496471
lts__t_sectors_srcunit_tex_op_read.avg.peak_sustained,sector/cycle,,,1.000000
lts__t_sectors_srcunit_tex_op_read.avg.per_cycle_elapsed,sector/cycle,,,0.144965
lts__t_sectors_srcunit_tex_op_read.sum,sector,,,133994592.000000
lts__t_sectors_srcunit_tex_op_read.sum.per_second,sector/nsecond,,,6.603269
lts__t_sectors_srcunit_tex_op_read_evict_first_lookup_hit.sum,sector,,,0.000000
lts__t_sectors_srcunit_tex_op_read_evict_first_lookup_miss.sum,sector,,,0.000000
lts__t_sectors_srcunit_tex_op_read_evict_last_lookup_hit.sum,sector,,,0.000000
lts__t_sectors_srcunit_tex_op_read_evict_last_lookup_miss.sum,sector,,,0.000000
lts__t_sectors_srcunit_tex_op_read_evict_normal_demote_lookup_hit.sum,sector,,,0.000000
lts__t_sectors_srcunit_tex_op_read_evict_normal_demote_lookup_miss.sum,sector,,,0.000000
lts__t_sectors_srcunit_tex_op_read_evict_normal_lookup_hit.sum,sector,,,64981444.000000
lts__t_sectors_srcunit_tex_op_read_evict_normal_lookup_miss.sum,sector,,,68994372.000000
lts__t_sectors_srcunit_tex_op_read_lookup_hit.sum,sector,,,64974705.000000
lts__t_sectors_srcunit_tex_op_read_lookup_miss.sum,sector,,,68993727.000000
lts__t_sectors_srcunit_tex_op_red.avg.pct_of_peak_sustained_elapsed,%,,,0.000000
lts__t_sectors_srcunit_tex_op_red.avg.peak_sustained,sector/cycle,,,1.000000
lts__t_sectors_srcunit_tex_op_red.avg.per_cycle_elapsed,sector/cycle,,,0.000000
lts__t_sectors_srcunit_tex_op_red.sum,sector,,,0.000000
lts__t_sectors_srcunit_tex_op_red.sum.per_second,sector/second,,,0.000000
lts__t_sectors_srcunit_tex_op_red_lookup_hit.sum,sector,,,0.000000
lts__t_sectors_srcunit_tex_op_red_lookup_miss.sum,sector,,,0.000000
lts__t_sectors_srcunit_tex_op_write.avg.pct_of_peak_sustained_elapsed,%,,,3.630153
lts__t_sectors_srcunit_tex_op_write.avg.peak_sustained,sector/cycle,,,1.000000
lts__t_sectors_srcunit_tex_op_write.avg.per_cycle_elapsed,sector/cycle,,,0.036302
lts__t_sectors_srcunit_tex_op_write.sum,sector,,,33554432.000000
lts__t_sectors_srcunit_tex_op_write.sum.per_second,sector/nsecond,,,1.653566
lts__t_sectors_srcunit_tex_op_write_evict_first_lookup_hit.sum,sector,,,0.000000
lts__t_sectors_srcunit_tex_op_write_evict_first_lookup_miss.sum,sector,,,0.000000
lts__t_sectors_srcunit_tex_op_write_evict_last_lookup_hit.sum,sector,,,0.000000
lts__t_sectors_srcunit_tex_op_write_evict_last_lookup_miss.sum,sector,,,0.000000
lts__t_sectors_srcunit_tex_op_write_evict_normal_demote_lookup_hit.sum,sector,,,0.000000
lts__t_sectors_srcunit_tex_op_write_evict_normal_demote_lookup_miss.sum,sector,,,0.000000
lts__t_sectors_srcunit_tex_op_write_evict_normal_lookup_hit.sum,sector,,,33554432.000000
lts__t_sectors_srcunit_tex_op_write_evict_normal_lookup_miss.sum,sector,,,0.000000
lts__t_sectors_srcunit_tex_op_write_lookup_hit.sum,sector,,,33554432.000000
lts__t_sectors_srcunit_tex_op_write_lookup_miss.sum,sector,,,0.000000
lts__t_tag_requests.avg.pct_of_peak_sustained_elapsed,%,,,14.399181
lts__throughput.avg.pct_of_peak_sustained_elapsed,%,,,18.150970
lts__xbar2lts_cycles_active.avg.pct_of_peak_sustained_elapsed,%,,,14.233319
memory_access_size_type,,,,0
memory_access_type,,,,0
memory_l1_tag_requests_global,sectors,,,134217728.000000
memory_l1_wavefronts_shared,sectors,,,201326592.000000
memory_l1_wavefronts_shared_ideal,sectors,,,201326592.000000
memory_l2_theoretical_sectors_global,sectors,,,167772160.000000
memory_l2_theoretical_sectors_global_ideal,sectors,,,167772160.000000
memory_l2_theoretical_sectors_local,sectors,,,0.000000
memory_type,,,,0
numa__cpu_affinity,,,,0
numa__dev_display_name_all,,,,0
numa__id_cpu,,,,0
numa__id_memory,,,,0
nvlink__bandwidth,,,,0
nvlink__count_logical,,,,0
nvlink__count_physical,,,,0
nvlink__destination_ports,,,,0
nvlink__dev0Id,,,,0
nvlink__dev0type,,,,0
nvlink__dev1Id,,,,0
nvlink__dev1type,,,,0
nvlink__dev_display_name_all,,,,0
nvlink__enabled_mask,,,,0
nvlink__is_direct_link,,,,0
nvlink__is_nvswitch_connected,,,,0
nvlink__max_count,,,,0
nvlink__peer_access,,,,0
nvlink__peer_atomic,,,,0
nvlink__source_ports,,,,0
nvlink__system_access,,,,0
nvlink__system_atomic,,,,0
profiler__perfworks_session_reuse,,,,0
profiler__replayer_bytes_mem_accessible.avg,Gbyte,,,1.115685
profiler__replayer_bytes_mem_accessible.max,Gbyte,,,1.115685
profiler__replayer_bytes_mem_accessible.min,Gbyte,,,1.115685
profiler__replayer_bytes_mem_accessible.sum,Gbyte,,,37.933297
profiler__replayer_bytes_mem_backed_up.avg,Gbyte,,,1.115685
profiler__replayer_bytes_mem_backed_up.max,Gbyte,,,1.115685
profiler__replayer_bytes_mem_backed_up.min,Gbyte,,,1.115685
profiler__replayer_bytes_mem_backed_up.sum,Gbyte,,,37.933297
profiler__replayer_passes,pass,,,34.000000
profiler__replayer_passes_type_warmup,pass,,,0.000000
sass__inst_executed_global_loads,inst,,,67108864.000000
sass__inst_executed_global_stores,inst,,,4194304.000000
sass__inst_executed_local_loads,inst,,,0.000000
sass__inst_executed_local_stores,inst,,,0.000000
sass__inst_executed_per_opcode,,,,"2,258,894,848"
sass__inst_executed_per_opcode_with_modifier_all,,,,"2,258,894,848"
sass__inst_executed_per_opcode_with_modifier_selective,,,,"2,258,894,848"
sass__inst_executed_shared_loads,inst,,,134217728.000000
sass__inst_executed_shared_stores,inst,,,67108864.000000
sass__thread_inst_executed_true_per_opcode,,,,"67,972,890,624"
sass__thread_inst_executed_true_per_opcode_with_modifier_all,,,,"67,972,890,624"
sass__thread_inst_executed_true_per_opcode_with_modifier_selective,,,,"67,972,890,624"
sm__cycles_active.avg,cycle,,,30227691.891304
sm__cycles_elapsed.avg.per_second,cycle/nsecond,,,1.496553
sm__inst_executed.avg.pct_of_peak_sustained_elapsed,%,,,40.425716
sm__inst_executed.avg.per_cycle_active,inst/cycle,,,1.624550
sm__inst_executed.avg.per_cycle_elapsed,inst/cycle,,,1.617029
sm__inst_executed_pipe_adu.avg.pct_of_peak_sustained_active,%,,,2.526282
sm__inst_executed_pipe_adu.avg.pct_of_peak_sustained_elapsed,%,,,2.514586
sm__inst_executed_pipe_alu.avg.pct_of_peak_sustained_active,%,,,33.765461
sm__inst_executed_pipe_cbu.avg.pct_of_peak_sustained_active,%,,,1.838153
sm__inst_executed_pipe_cbu_pred_on_any.avg.pct_of_peak_sustained_elapsed,%,,,6.734283
sm__inst_executed_pipe_fma.avg.pct_of_peak_sustained_active,%,,,10.666002
sm__inst_executed_pipe_fma_type_fp16.avg.pct_of_peak_sustained_active,%,,,0.000000
sm__inst_executed_pipe_fp64_op_dmma.avg.pct_of_peak_sustained_active,%,,,0.000000
sm__inst_executed_pipe_fp64_op_fp64.avg.pct_of_peak_sustained_active,%,,,0.000000
sm__inst_executed_pipe_ipa.avg.pct_of_peak_sustained_elapsed,%,,,0.000000
sm__inst_executed_pipe_lsu.avg.pct_of_peak_sustained_active,%,,,52.599463
sm__inst_executed_pipe_lsu.avg.pct_of_peak_sustained_elapsed,%,,,52.355923
sm__inst_executed_pipe_tensor_op_hmma.avg.pct_of_peak_sustained_active,%,,,9.652661
sm__inst_executed_pipe_tensor_op_imma.avg.pct_of_peak_sustained_active,%,,,0.000000
sm__inst_executed_pipe_tex.avg.pct_of_peak_sustained_active,%,,,0.000000
sm__inst_executed_pipe_tex.avg.pct_of_peak_sustained_elapsed,%,,,0.000000
sm__inst_executed_pipe_uniform.avg.pct_of_peak_sustained_active,%,,,3.063589
sm__inst_executed_pipe_uniform.avg.pct_of_peak_sustained_elapsed,%,,,3.049404
sm__inst_executed_pipe_xu.avg.pct_of_peak_sustained_active,%,,,0.000000
sm__inst_executed_pipe_xu.avg.pct_of_peak_sustained_elapsed,%,,,0.000000
sm__inst_issued.avg.pct_of_peak_sustained_active,%,,,40.618686
sm__inst_issued.avg.per_cycle_active,inst/cycle,,,1.624747
sm__inst_issued.max.pct_of_peak_sustained_active,%,,,40.712902
sm__instruction_throughput.avg.pct_of_peak_sustained_active,%,,,40.618686
sm__issue_active.avg.pct_of_peak_sustained_elapsed,%,,,40.430618
sm__maximum_warps_avg_per_active_cycle,warp,,,32.000000
sm__maximum_warps_per_active_cycle_pct,%,,,66.666667
sm__memory_throughput.avg.pct_of_peak_sustained_elapsed,%,,,52.355923
sm__mio2rf_writeback_active.avg.pct_of_peak_sustained_elapsed,%,,,10.539253
sm__mio_inst_issued.avg.pct_of_peak_sustained_elapsed,%,,,18.290169
sm__mio_pq_read_cycles_active.avg.pct_of_peak_sustained_elapsed,%,,,10.243624
sm__mio_pq_write_cycles_active.avg.pct_of_peak_sustained_elapsed,%,,,10.208467
sm__pipe_alu_cycles_active.avg.pct_of_peak_sustained_active,%,,,33.765461
sm__pipe_alu_cycles_active.avg.pct_of_peak_sustained_elapsed,%,,,33.609125
sm__pipe_fma_cycles_active.avg.pct_of_peak_sustained_active,%,,,13.116873
sm__pipe_fma_cycles_active.avg.pct_of_peak_sustained_elapsed,%,,,13.056141
sm__pipe_fmaheavy_cycles_active.avg.pct_of_peak_sustained_elapsed,%,,,26.112282
sm__pipe_fp64_cycles_active.avg.pct_of_peak_sustained_active,%,,,0.000000
sm__pipe_fp64_cycles_active.avg.pct_of_peak_sustained_elapsed,%,,,0.000000
sm__pipe_tensor_cycles_active.avg.pct_of_peak_sustained_active,%,,,19.305322
sm__pipe_tensor_cycles_active.avg.pct_of_peak_sustained_elapsed,%,,,19.215937
sm__pipe_tensor_op_hmma_cycles_active.avg.pct_of_peak_sustained_active,%,,,19.305322
sm__pipe_tensor_op_imma_cycles_active.avg.pct_of_peak_sustained_active,%,,,0.000000
sm__sass_inst_executed_op_ldgsts_cache_access.sum,inst,,,0.000000
sm__sass_inst_executed_op_ldgsts_cache_bypass.sum,inst,,,0.000000
sm__sass_l1tex_data_bytes_write_pipe_lsu_mem_shared_op_ldgsts_cache_access.sum,byte,,,0.000000
sm__sass_l1tex_data_bytes_write_pipe_lsu_mem_shared_op_ldgsts_cache_access.sum.pct_of_peak_sustained_elapsed,%,,,0.000000
sm__sass_l1tex_data_bytes_write_pipe_lsu_mem_shared_op_ldgsts_cache_access.sum.per_second,byte/second,,,0.000000
sm__sass_l1tex_m_xbar2l1tex_read_bytes_mem_global_op_ldgsts_cache_bypass.sum,byte,,,0.000000
sm__sass_l1tex_m_xbar2l1tex_read_bytes_mem_global_op_ldgsts_cache_bypass.sum.pct_of_peak_sustained_elapsed,%,,,0.000000
sm__sass_l1tex_m_xbar2l1tex_read_bytes_mem_global_op_ldgsts_cache_bypass.sum.per_second,byte/second,,,0.000000
sm__sass_l1tex_t_requests_pipe_lsu_mem_global_op_ldgsts.sum,request,,,0.000000
sm__sass_l1tex_t_requests_pipe_lsu_mem_global_op_ldgsts.sum.pct_of_peak_sustained_elapsed,%,,,0.000000
sm__sass_l1tex_t_requests_pipe_lsu_mem_global_op_ldgsts_cache_access.sum,request,,,0.000000
sm__sass_l1tex_t_requests_pipe_lsu_mem_global_op_ldgsts_cache_bypass.sum,request,,,0.000000
sm__sass_l1tex_t_sectors_pipe_lsu_mem_global_op_ldgsts_cache_access.sum,sector,,,0.000000
sm__sass_l1tex_t_sectors_pipe_lsu_mem_global_op_ldgsts_cache_access.sum.pct_of_peak_sustained_elapsed,%,,,0.000000
sm__sass_l1tex_t_sectors_pipe_lsu_mem_global_op_ldgsts_cache_bypass.sum,sector,,,0.000000
sm__sass_l1tex_t_sectors_pipe_lsu_mem_global_op_ldgsts_cache_bypass.sum.pct_of_peak_sustained_elapsed,%,,,0.000000
sm__sass_thread_inst_executed_op_dfma_pred_on.sum.peak_sustained,inst/cycle,,,92.000000
sm__sass_thread_inst_executed_op_ffma_pred_on.sum.peak_sustained,inst/cycle,,,5888.000000
sm__throughput.avg.pct_of_peak_sustained_elapsed,%,,,52.355923
sm__warps_active.avg.pct_of_peak_sustained_active,%,,,66.395268
sm__warps_active.avg.per_cycle_active,warp,,,31.869729
smsp__average_warp_latency_per_inst_issued.ratio,cycle,,,19.581475
smsp__average_warps_active_per_inst_executed.ratio,cycle,,,19.583849
smsp__average_warps_issue_stalled_barrier_per_issue_active.ratio,inst,,,2.546928
smsp__average_warps_issue_stalled_branch_resolving_per_issue_active.ratio,inst,,,0.206057
smsp__average_warps_issue_stalled_dispatch_stall_per_issue_active.ratio,inst,,,0.519240
smsp__average_warps_issue_stalled_drain_per_issue_active.ratio,inst,,,0.063419
smsp__average_warps_issue_stalled_imc_miss_per_issue_active.ratio,inst,,,0.000428
smsp__average_warps_issue_stalled_lg_throttle_per_issue_active.ratio,inst,,,0.899904
smsp__average_warps_issue_stalled_long_scoreboard_per_issue_active.ratio,inst,,,5.546068
smsp__average_warps_issue_stalled_math_pipe_throttle_per_issue_active.ratio,inst,,,2.823667
smsp__average_warps_issue_stalled_membar_per_issue_active.ratio,inst,,,0.000000
smsp__average_warps_issue_stalled_mio_throttle_per_issue_active.ratio,inst,,,1.477087
smsp__average_warps_issue_stalled_misc_per_issue_active.ratio,inst,,,0.000000
smsp__average_warps_issue_stalled_no_instruction_per_issue_active.ratio,inst,,,0.057702
smsp__average_warps_issue_stalled_not_selected_per_issue_active.ratio,inst,,,1.301039
smsp__average_warps_issue_stalled_selected_per_issue_active.ratio,inst,,,1.000000
smsp__average_warps_issue_stalled_short_scoreboard_per_issue_active.ratio,inst,,,0.747568
smsp__average_warps_issue_stalled_sleeping_per_issue_active.ratio,inst,,,0.000000
smsp__average_warps_issue_stalled_tex_throttle_per_issue_active.ratio,inst,,,0.000001
smsp__average_warps_issue_stalled_wait_per_issue_active.ratio,inst,,,2.450020
smsp__branch_targets_threads_divergent,,,,0
smsp__cycles_elapsed.avg.per_second,cycle/nsecond,,,1.496553
smsp__cycles_elapsed.sum,cycle,,,5587767112.000000
smsp__inst_executed.avg,inst,,,12276602.434783
smsp__inst_executed.sum,inst,,,2258894848.000000
smsp__inst_executed_op_branch.sum,inst,,,144965632.000000
smsp__inst_executed_op_generic_atom_dot_alu.sum,inst,,,0.000000
smsp__inst_executed_op_generic_atom_dot_alu.sum.pct_of_peak_sustained_elapsed,%,,,0.000000
smsp__inst_executed_op_generic_atom_dot_cas.sum,inst,,,0.000000
smsp__inst_executed_op_generic_atom_dot_cas.sum.pct_of_peak_sustained_elapsed,%,,,0.000000
smsp__inst_executed_op_global_red.sum,inst,,,0.000000
smsp__inst_executed_op_global_red.sum.pct_of_peak_sustained_elapsed,%,,,0.000000
smsp__inst_executed_op_ldgsts.sum,inst,,,0.000000
smsp__inst_executed_op_ldgsts.sum.pct_of_peak_sustained_elapsed,%,,,0.000000
smsp__inst_executed_op_ldsm.sum,inst,,,0.000000
smsp__inst_executed_op_ldsm.sum.pct_of_peak_sustained_elapsed,%,,,0.000000
smsp__inst_executed_op_shared_atom.sum,inst,,,0.000000
smsp__inst_executed_op_shared_atom.sum.pct_of_peak_sustained_elapsed,%,,,0.000000
smsp__inst_executed_op_surface_atom_dot_alu.sum,inst,,,0.000000
smsp__inst_executed_op_surface_atom_dot_alu.sum.pct_of_peak_sustained_elapsed,%,,,0.000000
smsp__inst_executed_op_surface_atom_dot_cas.sum,inst,,,0.000000
smsp__inst_executed_op_surface_atom_dot_cas.sum.pct_of_peak_sustained_elapsed,%,,,0.000000
smsp__inst_executed_op_surface_ld.sum,inst,,,0.000000
smsp__inst_executed_op_surface_ld.sum.pct_of_peak_sustained_elapsed,%,,,0.000000
smsp__inst_executed_op_surface_red.sum,inst,,,0.000000
smsp__inst_executed_op_surface_red.sum.pct_of_peak_sustained_elapsed,%,,,0.000000
smsp__inst_executed_op_surface_st.sum,inst,,,0.000000
smsp__inst_executed_op_surface_st.sum.pct_of_peak_sustained_elapsed,%,,,0.000000
smsp__inst_executed_op_texture.sum,inst,,,0.000000
smsp__inst_executed_op_texture.sum.pct_of_peak_sustained_elapsed,%,,,0.000000
smsp__inst_issued.avg,inst,,,12278091.315217
smsp__inst_issued.sum,inst,,,2259168802.000000
smsp__issue_active.avg.pct_of_peak_sustained_active,%,,,40.546926
smsp__issue_active.avg.per_cycle_active,,,,0.41
smsp__issue_inst0.avg.pct_of_peak_sustained_active,%,,,59.453074
smsp__maximum_warps_avg_per_active_cycle,warp,,,8.000000
smsp__pcsamp_aggregated_passes,pass,,,2.000000
smsp__pcsamp_buffer_size_bytes,Mbyte,,,33.554432
smsp__pcsamp_dropped_bytes,byte,,,0.000000
smsp__pcsamp_interval,,,,5
smsp__pcsamp_interval_cycles,cycle,,,1024.000000
smsp__pcsamp_sample_count,,,,"1,359,821"
smsp__pcsamp_warps_issue_stalled_barrier,warp,,,176266.000000
smsp__pcsamp_warps_issue_stalled_barrier_not_issued,warp,,,121762.000000
smsp__pcsamp_warps_issue_stalled_branch_resolving,warp,,,14299.000000
smsp__pcsamp_warps_issue_stalled_branch_resolving_not_issued,warp,,,7448.000000
smsp__pcsamp_warps_issue_stalled_dispatch_stall,warp,,,35789.000000
smsp__pcsamp_warps_issue_stalled_dispatch_stall_not_issued,warp,,,10932.000000
smsp__pcsamp_warps_issue_stalled_drain,warp,,,4281.000000
smsp__pcsamp_warps_issue_stalled_drain_not_issued,warp,,,4067.000000
smsp__pcsamp_warps_issue_stalled_imc_miss,warp,,,46.000000
smsp__pcsamp_warps_issue_stalled_imc_miss_not_issued,warp,,,42.000000
smsp__pcsamp_warps_issue_stalled_lg_throttle,warp,,,64319.000000
smsp__pcsamp_warps_issue_stalled_lg_throttle_not_issued,warp,,,52770.000000
smsp__pcsamp_warps_issue_stalled_long_scoreboard,warp,,,381947.000000
smsp__pcsamp_warps_issue_stalled_long_scoreboard_not_issued,warp,,,222400.000000
smsp__pcsamp_warps_issue_stalled_math_pipe_throttle,warp,,,194986.000000
smsp__pcsamp_warps_issue_stalled_math_pipe_throttle_not_issued,warp,,,94277.000000
smsp__pcsamp_warps_issue_stalled_membar,warp,,,0.000000
smsp__pcsamp_warps_issue_stalled_membar_not_issued,warp,,,0.000000
smsp__pcsamp_warps_issue_stalled_mio_throttle,warp,,,104278.000000
smsp__pcsamp_warps_issue_stalled_mio_throttle_not_issued,warp,,,91404.000000
smsp__pcsamp_warps_issue_stalled_misc,warp,,,0.000000
smsp__pcsamp_warps_issue_stalled_misc_not_issued,warp,,,0.000000
smsp__pcsamp_warps_issue_stalled_no_instructions,inst,,,3826.000000
smsp__pcsamp_warps_issue_stalled_no_instructions_not_issued,inst,,,1471.000000
smsp__pcsamp_warps_issue_stalled_not_selected,warp,,,89792.000000
smsp__pcsamp_warps_issue_stalled_not_selected_not_issued,warp,,,0.000000
smsp__pcsamp_warps_issue_stalled_selected,warp,,,69017.000000
smsp__pcsamp_warps_issue_stalled_selected_not_issued,warp,,,0.000000
smsp__pcsamp_warps_issue_stalled_short_scoreboard,warp,,,51245.000000
smsp__pcsamp_warps_issue_stalled_short_scoreboard_not_issued,warp,,,33016.000000
smsp__pcsamp_warps_issue_stalled_sleeping,warp,,,0.000000
smsp__pcsamp_warps_issue_stalled_sleeping_not_issued,warp,,,0.000000
smsp__pcsamp_warps_issue_stalled_tex_throttle,warp,,,1.000000
smsp__pcsamp_warps_issue_stalled_tex_throttle_not_issued,warp,,,1.000000
smsp__pcsamp_warps_issue_stalled_wait,warp,,,169729.000000
smsp__pcsamp_warps_issue_stalled_wait_not_issued,warp,,,76831.000000
smsp__sass_average_branch_targets_threads_uniform.pct,%,,,100.000000
smsp__sass_branch_targets_threads_divergent.avg,,,,0
smsp__sass_inst_executed_memdesc_explicit_evict_type,,,,0
smsp__sass_inst_executed_memdesc_explicit_hitprop_evict_first,inst,,,0.000000
smsp__sass_inst_executed_memdesc_explicit_hitprop_evict_last,inst,,,0.000000
smsp__sass_inst_executed_memdesc_explicit_hitprop_evict_normal,inst,,,0.000000
smsp__sass_inst_executed_memdesc_explicit_hitprop_evict_normal_demote,inst,,,0.000000
smsp__sass_inst_executed_memdesc_explicit_missprop_evict_first,inst,,,0.000000
smsp__sass_inst_executed_memdesc_explicit_missprop_evict_normal,inst,,,0.000000
smsp__sass_inst_executed_op_global_ld.sum,inst,,,67108864.000000
smsp__sass_inst_executed_op_global_st.sum,inst,,,4194304.000000
smsp__sass_inst_executed_op_local_ld.sum,inst,,,0.000000
smsp__sass_inst_executed_op_local_st.sum,inst,,,0.000000
smsp__sass_inst_executed_op_memory_128b.sum,inst,,,0.000000
smsp__sass_inst_executed_op_memory_16b.sum,inst,,,134217728.000000
smsp__sass_inst_executed_op_memory_32b.sum,inst,,,134217728.000000
smsp__sass_inst_executed_op_memory_64b.sum,inst,,,4194304.000000
smsp__sass_inst_executed_op_memory_8b.sum,inst,,,0.000000
smsp__sass_inst_executed_op_shared_ld.sum,inst,,,134217728.000000
smsp__sass_inst_executed_op_shared_st.sum,inst,,,67108864.000000
smsp__sass_l1tex_data_bank_conflicts_pipe_lsu_mem_shared_op_ldgsts.sum,,,,0
smsp__sass_l1tex_data_bank_conflicts_pipe_lsu_mem_shared_op_st.sum,,,,0
smsp__sass_l1tex_data_pipe_lsu_wavefronts_mem_shared_op_ldgsts.sum,,,,0
smsp__sass_l1tex_data_pipe_lsu_wavefronts_mem_shared_op_ldgsts.sum.pct_of_peak_sustained_elapsed,%,,,0.000000
smsp__sass_l1tex_data_pipe_lsu_wavefronts_mem_shared_op_ldgsts_cache_access.sum,,,,0
smsp__sass_l1tex_data_pipe_lsu_wavefronts_mem_shared_op_ldgsts_cache_access.sum.pct_of_peak_sustained_elapsed,%,,,0.000000
smsp__sass_l1tex_data_pipe_lsu_wavefronts_mem_shared_op_st.sum,,,,"67,108,864"
smsp__sass_l1tex_data_pipe_lsu_wavefronts_mem_shared_op_st.sum.pct_of_peak_sustained_elapsed,%,,,1.200996
smsp__sass_l1tex_m_xbar2l1tex_read_sectors_mem_global_op_ldgsts_cache_bypass.sum,sector,,,0.000000
smsp__sass_l1tex_m_xbar2l1tex_read_sectors_mem_global_op_ldgsts_cache_bypass.sum.pct_of_peak_sustained_elapsed,%,,,0.000000
smsp__sass_thread_inst_executed_op_dadd_pred_on.sum.per_cycle_elapsed,inst/cycle,,,0.000000
smsp__sass_thread_inst_executed_op_dfma_pred_on.sum.per_cycle_elapsed,inst/cycle,,,0.000000
smsp__sass_thread_inst_executed_op_dmul_pred_on.sum.per_cycle_elapsed,inst/cycle,,,0.000000
smsp__sass_thread_inst_executed_op_fadd_pred_on.sum.per_cycle_elapsed,inst/cycle,,,0.000000
smsp__sass_thread_inst_executed_op_ffma_pred_on.sum.per_cycle_elapsed,inst/cycle,,,0.000000
smsp__sass_thread_inst_executed_op_fmul_pred_on.sum.per_cycle_elapsed,inst/cycle,,,0.000000
smsp__thread_inst_executed_per_inst_executed.ratio,,,,32
smsp__thread_inst_executed_pred_on_per_inst_executed.ratio,,,,30.09
smsp__warps_active.avg.peak_sustained,warp,,,12.000000
smsp__warps_active.avg.per_cycle_active,warp,,,7.939686
smsp__warps_eligible.avg.per_cycle_active,warp,,,0.933533
thread_inst_executed,inst,,,72284635136.000000
thread_inst_executed_true,inst,,,67972890624.000000
