# Auto-tune experiment log. Columns: iter	kernel	arch	tflops	eff%	bottleneck_before	run_command	idea_summary
# Run tag: ai-tune/2026-03-21/gemm_sp_f16
iter	kernel	arch	tflops	eff%	bottleneck_before	run_command	idea_summary
baseline	fused_moe_qwen35_35b_a3b_fp8_end2end_sm90	sm_90a	7.11119	0.2350	grouped_wgmma_fp8 dominated baseline NCU: 173.92us, achieved occupancy 18.28%, DRAM throughput 78.65%	CUDA_VISIBLE_DEVICES=1 CHOREO_ENABLE_TIMING=1 CHOREO_TIMING_WARMUP=5 CHOREO_TIMING_REPEAT=50 bash build/ai_tune/fused_moe_op/fused_moe_qwen35_35b_a3b_fp8_end2end_sm90.cute.result --execute	Validated serving-aligned Qwen3.5 FP8 end-to-end baseline; verification passed
iter001	fused_moe_qwen35_35b_a3b_fp8_end2end_sm90_iter001_denseprefixscatter	sm_90a	7.23607	0.2391	grouped_wgmma_fp8 still dominant on baseline; targeted fixed scatter overlaunch and redundant sorted_route_ids tail init	CUDA_VISIBLE_DEVICES=1 CHOREO_ENABLE_TIMING=1 CHOREO_TIMING_WARMUP=5 CHOREO_TIMING_REPEAT=50 bash build/ai_tune/fused_moe_op/fused_moe_qwen35_35b_a3b_fp8_end2end_sm90_iter001_denseprefixscatter.cute.result --execute	Dense active-prefix scatter: iterate only M*topk routed rows and remove full MAX_SORTED_ROUTES memset; KEEP 0.301987ms -> 0.296775ms
iter002	fused_moe_qwen35_35b_a3b_fp8_end2end_sm90_iter002_stmatrix_hoist	sm_90a	0.179763	0.0059	memory_bound_80pct_dram_40pct_uncoalesced	CUDA_VISIBLE_DEVICES=0 CHOREO_ENABLE_TIMING=1 CHOREO_TIMING_WARMUP=5 CHOREO_TIMING_REPEAT=50 bash build/ai_tune/fused_moe_op/fused_moe_qwen35_35b_a3b_fp8_end2end_sm90_iter002_stmatrix_hoist.cute.result --execute	(DISCARD) --hoist-offset --hoist-scale flags cause 40x regression - incompatible with dynamic segment addressing
iter003	fused_moe_qwen35_35b_a3b_fp8_end2end_sm90_iter003_smem_scales	sm_90a	0.183954	0.0061	memory_bound_80pct_dram_uncoalesced_scale_reads	CUDA_VISIBLE_DEVICES=0 CHOREO_ENABLE_TIMING=1 CHOREO_TIMING_WARMUP=5 CHOREO_TIMING_REPEAT=50 bash build/ai_tune/fused_moe_op/fused_moe_qwen35_35b_a3b_fp8_end2end_sm90_iter003_smem_scales.cute.result --execute	(DISCARD) Preload scale_a to shared: dynamic shape DMA fell back to low-perf opt_copy API causing 40x regression
iter004	fused_moe_qwen35_35b_a3b_fp8_end2end_sm90_iter004_smem_scales_static	sm_90a	8.39073	0.2773	memory_bound_80pct_dram_uncoalesced_scale_reads	CUDA_VISIBLE_DEVICES=0 CHOREO_ENABLE_TIMING=1 CHOREO_TIMING_WARMUP=10 CHOREO_TIMING_REPEAT=100 bash build/ai_tune/fused_moe_op/fused_moe_qwen35_35b_a3b_fp8_end2end_sm90_iter004_smem_scales_static.cute.result --execute	(DISCARD) Static-shape sScaleA preload: compiles OK but neutral perf (bank conflicts offset coalescing benefit)
iter004b	maxreg=128 on iter001	sm_90a	7.85404	0.2596	register_pressure_163regs_18pct_occupancy	CUDA_VISIBLE_DEVICES=0 EXTRA_TARGET_CFLAGS="--maxrregcount=128" CHOREO_ENABLE_TIMING=1 CHOREO_TIMING_WARMUP=10 CHOREO_TIMING_REPEAT=100 bash build/ai_tune/fused_moe_op/fused_moe_qwen35_35b_a3b_fp8_end2end_sm90_iter001_denseprefixscatter.cute.result --execute	(DISCARD) maxreg=128 to boost occupancy 18.75%→25%: register spills hurt more than occupancy helps
iter005	fused_moe_qwen35_35b_a3b_fp8_end2end_sm90_iter005_warpspec	sm_90a	6.35166	0.2099	l1tex_scoreboard_stalls_65pct	CUDA_VISIBLE_DEVICES=0 CHOREO_ENABLE_TIMING=1 CHOREO_TIMING_WARMUP=10 CHOREO_TIMING_REPEAT=100 bash build/ai_tune/fused_moe_op/fused_moe_qwen35_35b_a3b_fp8_end2end_sm90_iter005_warpspec.cute.result --execute	(DISCARD) Warp-spec 1p1c: 2 warp groups + DMA/TMA pipeline. 28% regression - producer overhead too high for small K-loop (16 iters), halved compute capacity not compensated by pipelining
iter006	fused_moe_qwen35_35b_a3b_fp8_end2end_sm90_iter006_bf16n	sm_90a	8.77	0.2899	memory_bound_80pct_dram	CUDA_VISIBLE_DEVICES=0 CHOREO_ENABLE_TIMING=1 CHOREO_TIMING_WARMUP=10 CHOREO_TIMING_REPEAT=100 bash build/ai_tune/fused_moe_op/fused_moe_qwen35_35b_a3b_fp8_end2end_sm90_iter006_bf16n.cute.result --execute	(DISCARD) -bf16n compiler flag for bf16 narrow output stores: neutral perf, within noise of baseline 8.83
iter006b	fused_moe_qwen35_35b_a3b_fp8_end2end_sm90_iter006_tma_lhs	sm_90a	8.77	0.2899	memory_bound_80pct_dram	CUDA_VISIBLE_DEVICES=0 CHOREO_ENABLE_TIMING=1 CHOREO_TIMING_WARMUP=10 CHOREO_TIMING_REPEAT=100 bash build/ai_tune/fused_moe_op/fused_moe_qwen35_35b_a3b_fp8_end2end_sm90_iter006_tma_lhs.cute.result --execute	(DISCARD) Convert LHS load from DMA to TMA (required compiler bug fix in GenIndices for view().from() coords): neutral perf 8.77 vs baseline 8.83, TMA descriptor overhead offsets HW copy gains
iter007	fused_moe_qwen35_35b_a3b_fp8_end2end_sm90_iter007_scatter_fusion	sm_90a	8.93	0.2951	kernel_launch_overhead_separate_scatter	CUDA_VISIBLE_DEVICES=0 CHOREO_ENABLE_TIMING=1 CHOREO_TIMING_WARMUP=10 CHOREO_TIMING_REPEAT=100 bash build/ai_tune/fused_moe_op/fused_moe_qwen35_35b_a3b_fp8_end2end_sm90_iter007_scatter_fusion.cute.result --execute	(KEEP) Fuse scatter epilogue into WGMMA kernel: shared-mem staging + atomicAdd scatter replaces separate kernel launch. Serving 8.93 vs 8.84 (+1.0%), E2E 8.44 vs 8.34 (+1.2%). Also fixed earlysema.cpp null deref bug in compiler.
iter007b	fused_moe_qwen35_35b_a3b_fp8_end2end_sm90_iter008_nblock_fusion	sm_90a	7.86	0.2597	memory_bound_76pct_dram	CUDA_VISIBLE_DEVICES=0 CHOREO_ENABLE_TIMING=1 CHOREO_TIMING_WARMUP=10 CHOREO_TIMING_REPEAT=100 bash build/ai_tune/fused_moe_op/fused_moe_qwen35_35b_a3b_fp8_end2end_sm90_iter008_nblock_fusion.cute.result --execute	(DISCARD) f32 shared output_s instead of bf16: eliminates bf16 precision roundtrip but 2x shared memory caused -12% regression from worse store patterns
iter008	fused_moe_qwen35_35b_a3b_fp8_end2end_sm90_iter008_cpu_prefix_sum	sm_90a	9.20	0.3040	serial_gpu_prefix_sum_26us	CUDA_VISIBLE_DEVICES=0 CHOREO_ENABLE_TIMING=1 CHOREO_TIMING_WARMUP=10 CHOREO_TIMING_REPEAT=100 bash build/ai_tune/fused_moe_op/fused_moe_qwen35_35b_a3b_fp8_end2end_sm90_iter008_cpu_prefix_sum.cute.result --execute	(KEEP) Replace serial GPU prefix sum (build_layout, 26.6us) with CPU memcpy+compute: ~8us savings. Serving 9.20 vs 8.93 (+3.0%), E2E 8.66 vs 8.44 (+2.6%)
iter009	fused_moe_qwen35_35b_a3b_fp8_end2end_sm90_iter009_fuse_quant_sort	sm_90a	9.56	0.3159	separate_quant_sort_kernels_48us	CUDA_VISIBLE_DEVICES=0 CHOREO_ENABLE_TIMING=1 CHOREO_TIMING_WARMUP=10 CHOREO_TIMING_REPEAT=100 bash build/ai_tune/fused_moe_op/fused_moe_qwen35_35b_a3b_fp8_end2end_sm90_iter009_fuse_quant_sort.cute.result --execute	(KEEP) Fuse quantize_input (22.5us) + sort_and_gather (26us) into single kernel: shared-mem staging eliminates intermediate global buffers and one kernel launch. Serving 9.56 vs 9.20 (+3.9%), E2E 9.00 vs 8.66 (+3.9%)
iter010	fused_moe_qwen35_35b_a3b_fp8_end2end_sm90_iter010_fuse_route_count	sm_90a	9.53	0.3150	separate_route_count_kernels_18us	CUDA_VISIBLE_DEVICES=0 CHOREO_ENABLE_TIMING=1 CHOREO_TIMING_WARMUP=10 CHOREO_TIMING_REPEAT=100 bash build/ai_tune/fused_moe_op/fused_moe_qwen35_35b_a3b_fp8_end2end_sm90_iter010_fuse_route_count.cute.result --execute	(KEEP) Fuse route + count_experts into single kernel: atomicAdd expert_counts during routing eliminates separate count kernel (4.4us). Serving 9.53 flat, E2E 9.27 vs 9.00 (+3.0%)
iter011	fused_moe_qwen35_35b_a3b_fp8_end2end_sm90_iter011_transpose_scales	sm_90a	9.65	0.3190	uncoalesced_scale_a_reads_4of32_bytes	CUDA_VISIBLE_DEVICES=0 CHOREO_ENABLE_TIMING=1 CHOREO_TIMING_WARMUP=10 CHOREO_TIMING_REPEAT=100 bash build/ai_tune/fused_moe_op/fused_moe_qwen35_35b_a3b_fp8_end2end_sm90_iter011_transpose_scales.cute.result --execute	(KEEP) Transpose rep_a_scales layout from [SORTED_ROUTES, K_BLOCKS] to [K_BLOCKS, SORTED_ROUTES]: consecutive tokens' scales now contiguous in memory for coalesced WGMMA reads. Serving 9.65 vs 9.53 (+1.3%), E2E 9.37 vs 9.27 (+1.1%)
iter012a	fused_moe_qwen35_35b_a3b_fp8_end2end_sm90_iter012_smem_scale_preload	sm_90a	9.54	0.3153	wgmma_register_pressure_161regs	CUDA_VISIBLE_DEVICES=0 CHOREO_ENABLE_TIMING=1 CHOREO_TIMING_WARMUP=10 CHOREO_TIMING_REPEAT=100 bash build/ai_tune/fused_moe_op/fused_moe_qwen35_35b_a3b_fp8_end2end_sm90_iter012_smem_scale_preload.cute.result --execute	(DISCARD) Preload scale_a per-K-iteration into shared memory: sync.shared overhead + extra shared memory store/load cycle in K-loop negated any register pressure benefit. Serving 9.54 vs 9.65 (-1.1%)
iter012	fused_moe_qwen35_35b_a3b_fp8_end2end_sm90_iter012_reduce_sync	sm_90a	9.67	0.3196	quant_sort_excessive_sync_shared	CUDA_VISIBLE_DEVICES=0 CHOREO_ENABLE_TIMING=1 CHOREO_TIMING_WARMUP=10 CHOREO_TIMING_REPEAT=100 bash build/ai_tune/fused_moe_op/fused_moe_qwen35_35b_a3b_fp8_end2end_sm90_iter012_reduce_sync.cute.result --execute	(KEEP) Remove 23 redundant sync.shared calls in quant_sort_gather: K-loop writes to non-overlapping sq positions (15 syncs removed), scatter loop writes to non-overlapping route_slots positions (8 syncs removed). Serving 9.67 vs 9.65 (+0.2%), E2E 9.39 vs 9.37 (+0.2%)
iter013	fused_moe_qwen35_35b_a3b_fp8_end2end_sm90_iter013_fast_prefix	sm_90a	9.75	0.3222	hosttodevice_memcpy_expert_write_offsets	CUDA_VISIBLE_DEVICES=0 bash build/ai_tune/fused_moe_op/fused_moe_qwen35_35b_a3b_fp8_end2end_sm90_iter013_fast_prefix.cute.result --execute	(KEEP) Replace H→D memcpy for expert_write_offsets with D→D copy: offsets_h[i]==write_offsets_h[i] so copy from already-uploaded expert_offsets_d. Saves ~2us host-device transfer. Serving 9.75 vs 9.67 (+0.8%), E2E 9.45 vs 9.39 (+0.6%)
iter014	fused_moe_qwen35_35b_a3b_fp8_end2end_sm90_iter014_direct_scatter	sm_90a	9.78	0.3232	shared_mem_9way_bank_conflicts_on_mma_store	CUDA_VISIBLE_DEVICES=0 bash build/ai_tune/fused_moe_op/fused_moe_qwen35_35b_a3b_fp8_end2end_sm90_iter014_direct_scatter.cute.result --execute	(KEEP) Eliminate output shared memory round-trip: scatter WGMMA accumulator directly from registers to global memory via atomicAdd, skipping mma.store→output_s→read→scatter path. Removes 9.1-way bank conflicts on shared stores and f32→bf16→f32 precision loss. Serving 9.78 vs 9.75 (+0.3%), E2E 9.48 vs 9.45 (+0.3%)
iter015	fused_moe_qwen35_35b_a3b_fp8_end2end_sm90_iter015_fast_math	sm_90a	9.83	0.3249	no_fast_math_flag	CUDA_VISIBLE_DEVICES=0 EXTRA_TARGET_CFLAGS="--use_fast_math" bash build/ai_tune/fused_moe_op/fused_moe_qwen35_35b_a3b_fp8_end2end_sm90_iter015_fast_math.cute.result --execute	(KEEP) Enable --use_fast_math nvcc flag: faster expf/divf in routing softmax, FTZ mode avoids slow denormalized float paths, reduced instruction count. Serving 9.83 vs 9.78 (+0.5%), E2E 9.60 vs 9.48 (+1.3%)
iter016	fused_moe_qwen35_35b_a3b_fp8_end2end_sm90_iter016_nocheck	sm_90a	10.07	0.3328	wgmma_pipeline_serialized_by_runtime_assert_function_boundary	CUDA_VISIBLE_DEVICES=0 EXTRA_TARGET_CFLAGS="--use_fast_math" bash build/ai_tune/fused_moe_op/fused_moe_qwen35_35b_a3b_fp8_end2end_sm90_iter016_nocheck.cute.result --execute	(KEEP) Add --disable-runtime-check Choreo flag: removes choreo_assert() calls that created function call boundaries serializing WGMMA pipeline (ptxas C7510 warning eliminated). Serving 10.07 vs 9.83 (+2.4%), E2E 9.84 vs 9.60 (+2.5%)
iter017	fused_moe_qwen35_35b_a3b_fp8_end2end_sm90_iter017_gpu_prefix_v2	sm_90a	10.27	0.3394	host_device_sync_for_prefix_sum_expert_offsets	CUDA_VISIBLE_DEVICES=0 EXTRA_TARGET_CFLAGS="--use_fast_math" bash build/ai_tune/fused_moe_op/fused_moe_qwen35_35b_a3b_fp8_end2end_sm90_iter017_gpu_prefix_v2.cute.result --execute	(KEEP) Replace D2H+CPU prefix sum+H2D+D2D with GPU-side fused_moe_build_layout kernel using shared memory: eliminates host-device synchronization for expert offsets computation. Serving 10.27 vs 10.07 (+2.0%), E2E 10.01 vs 9.84 (+1.7%)
iter018	fused_moe_qwen35_35b_a3b_fp8_end2end_sm90_iter018_fuse_count_prefix	sm_90a	10.52	0.3477	separate_count_experts_and_build_layout_kernels	CUDA_VISIBLE_DEVICES=0 EXTRA_TARGET_CFLAGS="--use_fast_math" bash build/ai_tune/fused_moe_op/fused_moe_qwen35_35b_a3b_fp8_end2end_sm90_iter018_fuse_count_prefix.cute.result --execute	(KEEP) Fuse count_experts + build_layout into single fused_moe_count_and_build kernel using shared memory atomics: eliminates one kernel launch + cudaDeviceSynchronize + cudaMemset for expert counts. Serving 10.52 vs 10.27 (+2.4%), E2E 9.91 vs 10.01 (-1.0%, minor regression from binary size)
iter019	fused_moe_qwen35_35b_a3b_fp8_end2end_sm90_iter019_hoist	sm_90a	10.61	0.3507	loop_invariant_offset_scale_not_hoisted	CUDA_VISIBLE_DEVICES=0 EXTRA_TARGET_CFLAGS="--use_fast_math" bash build/ai_tune/fused_moe_op/fused_moe_qwen35_35b_a3b_fp8_end2end_sm90_iter019_hoist.cute.result --execute	(KEEP) Enable --hoist-offset --hoist-scale Choreo flags: hoists loop-invariant offset/address and scale calculations out of inner loops in WGMMA kernel. Serving 10.61 vs 10.52 (+0.9%), E2E 10.02 vs 9.91 (+1.1%)
iter021	fused_moe_qwen35_35b_a3b_fp8_end2end_sm90_iter021_nosync	sm_90a	10.78	0.3563	cudaDeviceSynchronize_host_gpu_pipeline_stall	CUDA_VISIBLE_DEVICES=0 EXTRA_TARGET_CFLAGS="--use_fast_math" bash build/ai_tune/fused_moe_op/fused_moe_qwen35_35b_a3b_fp8_end2end_sm90_iter021_nosync.cute.result --execute	(KEEP) Remove cudaDeviceSynchronize from launch paths + use cudaMemsetAsync: eliminates host-device sync between timing iterations, allowing host to pipeline kernel launches while GPU executes. Serving 10.78 vs 10.61 (+1.6%), E2E 10.15 vs 10.02 (+1.3%)
iter022	fused_moe_qwen35_35b_a3b_fp8_end2end_sm90_iter022_qsg256	sm_90a	10.85	0.3586	qsg_8_sync_shared_in_scatter_loop	CUDA_VISIBLE_DEVICES=0 EXTRA_TARGET_CFLAGS="--use_fast_math" bash build/ai_tune/fused_moe_op/fused_moe_qwen35_35b_a3b_fp8_end2end_sm90_iter022_qsg256.cute.result --execute	(KEEP) Batch QSG slot assignments: move all 8 expert slot atomicAdd assignments into single inthreads block with 1 sync.shared, then do all 8 route copies without intermediate syncs. Reduces 8 sync.shared to 1. Serving 10.85 vs 10.78 (+0.6%), E2E 10.24 vs 10.15 (+0.9%)
iter023	fused_moe_qwen35_35b_a3b_fp8_end2end_sm90_iter023_nowrapsync	sm_90a	11.36	0.3754	cudaDeviceSynchronize_in_wrapper_functions_blocks_host_pipelining	CUDA_VISIBLE_DEVICES=0 EXTRA_TARGET_CFLAGS="--use_fast_math" bash build/ai_tune/fused_moe_op/fused_moe_qwen35_35b_a3b_fp8_end2end_sm90_iter023_nowrapsync.cute.result --execute	(KEEP) Remove cudaDeviceSynchronize from 8 compiler-generated kernel wrapper functions via post-processing: since all kernels use default stream which serializes GPU execution, the host-blocking syncs between kernel launches are redundant. Eliminating them lets the CPU pipeline kernel submissions while GPU executes. Serving 11.36 vs 10.85 (+4.7%), E2E 10.93 vs 10.24 (+6.7%)
iter024	fused_moe_qwen35_35b_a3b_fp8_end2end_sm90_iter024_cudagraph	sm_90a	11.61	0.3837	kernel_launch_overhead_3_kernels_per_serving_path	CUDA_VISIBLE_DEVICES=0 EXTRA_TARGET_CFLAGS="--use_fast_math" bash build/ai_tune/fused_moe_op/fused_moe_qwen35_35b_a3b_fp8_end2end_sm90_iter024_cudagraph.cute.result --execute	(KEEP) CUDA Graph capture for serving path: capture 3-kernel sequence (count_and_build + quant_sort_gather + grouped_wgmma_fp8) as a graph, replay with cudaGraphLaunch eliminating per-kernel CPU launch overhead and TMA tensor map recreation. Requires --default-stream per-thread flag. Serving 11.61 vs 11.36 (+2.2%), E2E 10.93 (flat, not graphed)
iter025	fused_moe_qwen35_35b_a3b_fp8_end2end_sm90_iter025_e2egraph	sm_90a	11.61	0.3837	kernel_launch_overhead_5_kernels_in_e2e_path	CUDA_VISIBLE_DEVICES=0 EXTRA_TARGET_CFLAGS="--use_fast_math" bash build/ai_tune/fused_moe_op/fused_moe_qwen35_35b_a3b_fp8_end2end_sm90_iter025_e2egraph.cute.result --execute	(KEEP) CUDA Graph capture for E2E path: capture 5-kernel E2E sequence (route + build_layout + QSG + WGMMA + memsets) as graph, replay with cudaGraphLaunch. Serving 11.61 (unchanged), E2E 11.23 vs 10.93 (+2.7%)
iter026	fused_moe_qwen35_35b_a3b_fp8_end2end_sm90_iter026_overlap_loads	sm_90a	11.67	0.3857	wgmma_serialized_cp_async_tma_loads	CUDA_VISIBLE_DEVICES=0 EXTRA_TARGET_CFLAGS="--use_fast_math" build/ai_tune/fused_moe_op/iter026_overlap_loads.exe (manual nvcc compile of modified .cu)	(KEEP) Reorder K-loop loads: issue TMA for sB before cp.async for sA so both overlap in memory pipeline. Reduces load latency per K-iter. Serving 11.67 vs 11.61 (+0.6%), E2E 11.30 vs 11.23 (+0.7%)
iter027	fused_moe_qwen35_35b_a3b_fp8_end2end_sm90_iter027_co_reorder	sm_90a	11.68	0.3860	wgmma_smem_waste_output_s_unused	CUDA_VISIBLE_DEVICES=0 EXTRA_TARGET_CFLAGS="--use_fast_math" bash build/ai_tune/fused_moe_op/fused_moe_qwen35_35b_a3b_fp8_end2end_sm90_iter027_co_reorder.cute.result --execute	(KEEP) Remove unused output_s shared buffer (16KB) + integrate load overlap at .co level (TMA before DMA). Smem reduced from 42KB to 26KB. Serving 11.68 (flat), E2E 11.30 (flat) - clean-up iteration, occupancy still register-limited
iter028	fused_moe_qwen35_35b_a3b_fp8_end2end_sm90_iter028_regcap128	sm_90a	11.17	0.3691	long_scoreboard_56pct_occupancy_18pct	CUDA_VISIBLE_DEVICES=0 EXTRA_TARGET_CFLAGS="--use_fast_math --maxrregcount=128" CHOREO_ENABLE_TIMING=1 bash build/ai_tune/fused_moe_op/fused_moe_qwen35_35b_a3b_fp8_end2end_sm90_iter027_co_reorder.cute.result --execute	(DISCARD) Force --maxrregcount=128 to increase occupancy 3→4 CTAs/SM. Register spilling outweighs occupancy gain. Serving 11.17 (-4.4%), E2E 10.81 (-4.3%)
iter029	fused_moe_qwen35_35b_a3b_fp8_end2end_sm90_iter029_kunroll2	sm_90a	11.68	0.3860	long_scoreboard_56pct_barrier_25pct	CUDA_VISIBLE_DEVICES=0 EXTRA_TARGET_CFLAGS="--use_fast_math" CHOREO_ENABLE_TIMING=1 bash build/ai_tune/fused_moe_op/fused_moe_qwen35_35b_a3b_fp8_end2end_sm90_iter029_kunroll2.cute.result --execute	(DISCARD) K-loop #pragma unroll 2 for compiler-assisted pipelining. ptxas sees 2 iterations (extra warpgroup.wait injected) but explicit barriers prevent cross-iter overlap. Serving 11.68 (flat), E2E 11.30 (flat)
iter030	fused_moe_qwen35_35b_a3b_fp8_end2end_sm90_iter030_hoistscale	sm_90a	11.68	0.3860	long_scoreboard_56pct_barrier_25pct	CUDA_VISIBLE_DEVICES=0 EXTRA_TARGET_CFLAGS="--use_fast_math" CHOREO_ENABLE_TIMING=1 bash build/ai_tune/fused_moe_op/fused_moe_qwen35_35b_a3b_fp8_end2end_sm90_iter030_hoistscale.cute.result --execute	(DISCARD) Choreo --hoist-offset --hoist-scale flags to move address offset and scale factor calculations outside K-loop. Serving 11.68 (flat), E2E 11.28 (flat). Address calculations already negligible vs memory/compute stalls.
iter031	fused_moe_qwen35_35b_a3b_fp8_end2end_sm90_iter031_ptxas_opt	sm_90a	11.70	0.3863	long_scoreboard_56pct_barrier_25pct	CUDA_VISIBLE_DEVICES=0 EXTRA_TARGET_CFLAGS="--use_fast_math -Xptxas --opt-level=4" CHOREO_ENABLE_TIMING=1 bash build/ai_tune/fused_moe_op/fused_moe_qwen35_35b_a3b_fp8_end2end_sm90_iter027_co_reorder.cute.result --execute	(DISCARD) ptxas --opt-level=4 and -dlcm=cg tested separately. opt-level=4 alone flat (11.70). With -dlcm=cg slight regression (11.63). ptxas already scheduling well; bypass-L1 hurts because kernel needs L1 for scale reads.
iter032	fused_moe_qwen35_35b_a3b_fp8_end2end_sm90_iter032_doublebuf	sm_90a	10.89	0.3596	regpressure_186_2ctas	CUDA_VISIBLE_DEVICES=0 CHOREO_ENABLE_TIMING=1 build/ai_tune/fused_moe_op/iter032_doublebuf_reg168.exe	(DISCARD) K-loop double-buffering (ping-pong sA/sB shared memory). Register pressure 168→186, dropping 3→2 CTAs/SM. Even with --maxrregcount=168 (0 spills): 10.89 (-6.8%) serving, 10.58 (-6.4%) E2E. Memory-bound kernel gains minimal overlap but pays high overhead.
iter033	fused_moe_qwen35_35b_a3b_fp8_end2end_sm90_iter033_tma_sA	sm_90a	11.62	0.3840	long_scoreboard_barrier	CUDA_VISIBLE_DEVICES=0 CHOREO_ENABLE_TIMING=1 build/ai_tune/fused_moe_op/iter032_tma_sA.exe	(DISCARD) Convert sA from cp.async (dma.copy.swiz) to TMA to eliminate 258K smem bank conflicts. Serving 11.62 (flat/-0.5%). TMA vs cp.async is a wash for 8KB tile: TMA eliminates bank conflicts but cp.async distributes load across all threads. Also tested Choreo -vec --stmatrix and -fopt-dma flags: all flat.
iter034	fused_moe_qwen35_35b_a3b_fp8_end2end_sm90_iter034_vec_scatter	sm_90a	11.74	0.3880	qsg_scatter_128_1byte_store_instructions	CUDA_VISIBLE_DEVICES=1 EXTRA_TARGET_CFLAGS="--use_fast_math" CHOREO_ENABLE_TIMING=1 CHOREO_TIMING_WARMUP=10 CHOREO_TIMING_REPEAT=200 CHOREO_SKIP_VERIFY=1 bash build/ai_tune/fused_moe_op/fused_moe_qwen35_35b_a3b_fp8_end2end_sm90_iter034_vec_scatter.cute.result --execute	(KEEP) Vectorize QSG scatter copy: replace 16-iteration byte-by-byte K-block loop with single uint4 (16-byte) store per thread. 128 threads × 16 bytes = 2048 bytes = K. Reduces 128 store instructions per thread to 8 (one per topk selection). Serving 11.74 vs 11.65 (+0.77%), E2E 11.36 vs 11.26 (+0.89%)
iter035	fused_moe_qwen35_35b_a3b_fp8_end2end_sm90_iter035_nosync	sm_90a	11.74	0.3880	redundant_syncthreads_qsg	CUDA_VISIBLE_DEVICES=1 EXTRA_TARGET_CFLAGS="--use_fast_math" CHOREO_ENABLE_TIMING=1 CHOREO_TIMING_WARMUP=10 CHOREO_TIMING_REPEAT=200 CHOREO_SKIP_VERIFY=1 bash build/ai_tune/fused_moe_op/fused_moe_qwen35_35b_a3b_fp8_end2end_sm90_iter035_nosync.cute.result --execute	(DISCARD) Remove 17 redundant __syncthreads in QSG (16 in quant loop + 1 after slot assignment) by removing sync.shared after inthreads blocks. Serving 11.74 (flat), within noise of iter034.
iter036	fused_moe_qwen35_35b_a3b_fp8_end2end_sm90_iter036_flags	sm_90a	11.65	0.3851	choreo_flags_ptxbar_branchnorm_loopnorm	CUDA_VISIBLE_DEVICES=1 EXTRA_TARGET_CFLAGS="--use_fast_math" CHOREO_ENABLE_TIMING=1 CHOREO_TIMING_WARMUP=10 CHOREO_TIMING_REPEAT=200 CHOREO_SKIP_VERIFY=1 bash build/ai_tune/fused_moe_op/fused_moe_qwen35_35b_a3b_fp8_end2end_sm90_iter036_flags.cute.result --execute	(DISCARD) Choreo flags --ptx-barrier --branch-norm --loop-norm on iter034.co. ptxas C7510 warning: WGMMA serialization from pipeline crossing function boundary. Serving 11.65 (-0.77%), E2E 11.28 (-0.70%). Flags interfere with WGMMA pipelining.
iter037	fused_moe_qwen35_35b_a3b_fp8_end2end_sm90_iter037_batchquant	sm_90a	11.87	0.3923	qsg_48syncs_3phase_batched_quantization	CUDA_VISIBLE_DEVICES=1 EXTRA_TARGET_CFLAGS="--use_fast_math" CHOREO_ENABLE_TIMING=1 CHOREO_TIMING_WARMUP=10 CHOREO_TIMING_REPEAT=200 CHOREO_SKIP_VERIFY=1 bash build/ai_tune/fused_moe_op/fused_moe_qwen35_35b_a3b_fp8_end2end_sm90_iter037_batchquant.cute.result --execute	(KEEP) Batch QSG quantization loop: save 16 BF16 input values in registers, compute all 16 K-block warp maxes without intermediate syncs, then compute all scales, then quantize all from registers. Reduces sync count from 48 to 7, enables instruction pipelining across K-blocks. Serving 11.87 vs 11.74 (+1.1%), E2E 11.47 vs 11.36 (+0.97%)
iter038	fused_moe_qwen35_35b_a3b_fp8_end2end_sm90_iter038_fusecount	sm_90a	11.14	0.3682	fuse_count_build_into_qsg_atomic_gridsync	CUDA_VISIBLE_DEVICES=1 CHOREO_ENABLE_TIMING=1 CHOREO_TIMING_WARMUP=20 CHOREO_TIMING_REPEAT=200 bash build/ai_tune/fused_moe_op/fused_moe_qwen35_35b_a3b_fp8_end2end_sm90_iter038_fusecount.cute.result --execute --skip-verify	(DISCARD) Fuse count_and_build into QSG using grid-level atomic spin-wait: each block atomicAdds expert counts, last block does prefix sum, broadcasts via atomicExch, all blocks spin-wait. Serving 11.14 vs 11.87 (-6.2%), E2E 11.57. Grid-level sync spin-wait overhead far exceeds eliminated kernel launch cost.
iter039	fused_moe_qwen35_35b_a3b_fp8_end2end_sm90_iter039_sortedwt	sm_90a	11.89	0.3930	presort_topk_weights_in_qsg_coalesced_wgmma_scatter	CUDA_VISIBLE_DEVICES=1 EXTRA_TARGET_CFLAGS="--use_fast_math" CHOREO_ENABLE_TIMING=1 CHOREO_TIMING_WARMUP=20 CHOREO_TIMING_REPEAT=200 bash build/ai_tune/fused_moe_op/fused_moe_qwen35_35b_a3b_fp8_end2end_sm90_iter039_sortedwt.cute.result --execute --skip-verify	(DISCARD) Presort topk_weights during QSG scatter phase into sorted_topk_weights[slot], use coalesced load in WGMMA scatter epilogue instead of random-access topk_weights[route_id]. Also add __ldg for sorted_route_ids read. Serving 11.89 (flat vs 11.87), E2E 11.49. Weight lookup is single float per row, negligible vs matrix data.
iter040	fused_moe_qwen35_35b_a3b_fp8_end2end_sm90_iter040_restrict	sm_90a	11.93	0.3943	restrict_qualifiers_all_kernel_pointers	CUDA_VISIBLE_DEVICES=1 EXTRA_TARGET_CFLAGS="--use_fast_math" CHOREO_ENABLE_TIMING=1 CHOREO_TIMING_WARMUP=20 CHOREO_TIMING_REPEAT=500 bash build/ai_tune/fused_moe_op/fused_moe_qwen35_35b_a3b_fp8_end2end_sm90_iter040_restrict.cute.result --execute --skip-verify	(KEEP) Add __restrict__ qualifier to all kernel pointer parameters via post-processing. Eliminates redundant load checks by guaranteeing no pointer aliasing. Serving 11.93 vs 11.90 (+0.21%, 500-rep avg), E2E 11.53. Consistent across all runs but marginal.
iter041	fused_moe_qwen35_35b_a3b_fp8_end2end_sm90_iter041_multi	sm_90a	11.91	0.3936	wgmma_pipeline_serialization_l1tex_stalls_61pct	CUDA_VISIBLE_DEVICES=1 EXTRA_TARGET_CFLAGS="--use_fast_math" CHOREO_ENABLE_TIMING=1 CHOREO_TIMING_WARMUP=20 CHOREO_TIMING_REPEAT=500 CHOREO_SKIP_VERIFY=1 bash build/ai_tune/fused_moe_op/fused_moe_qwen35_35b_a3b_fp8_end2end_sm90_iter041_*.cute.result --execute	(DISCARD) Tried 6 sub-approaches: (a) K-loop commit/wait 11.92 (-0.58%), (b) force-inline copy_if_g2s 11.94 (-0.37%), (c) L2 persist sA 11.90 (-0.68%), (d) __launch_bounds__(128,3) 11.90 (-0.75%), (e) red.relaxed.gpu.global.add.f32 scatter 11.94 (flat), (f) swizzle-64 crashed. All flat/worse. Kernel at 77.8% DRAM throughput ceiling, 18.75% occupancy (168 regs), 61.5% L1TEX stalls. Micro-optimizations exhausted.
iter042	fused_moe_qwen35_35b_a3b_fp8_end2end_sm90_iter042_overlap	sm_90a	12.04	0.1784	tma_dma_overlap_scaleprefetch_fastmath	CUDA_VISIBLE_DEVICES=1 CHOREO_TIMING_REPEAT=500 bash build/ai_tune/fused_moe_op/fused_moe_qwen35_35b_a3b_fp8_end2end_sm90_iter042_overlap.cute.result --execute	(DISCARD) Tried 4 sub-approaches: (a) __launch_bounds__(128,4) catastrophic -55% from reg spilling, (b) -Xptxas --allow-expensive-optimizations flat, (c) K-loop scale prefetch flat, (d) TMA/DMA overlap via copy_if_g2s_async flat. A/B test 3x500-rep: baseline 12.05 vs overlap 12.04 serving TFLOPS. At 80% DRAM utilization, overlapping memory ops doesn't help - bottleneck is total bandwidth not serialization.
iter043	fused_moe_qwen35_35b_a3b_fp8_end2end_sm90_iter043_multi	sm_90a	11.91	0.3936	memory_bound_77pct_dram_62pct_long_scoreboard	CUDA_VISIBLE_DEVICES=1 CHOREO_ENABLE_TIMING=1 CHOREO_TIMING_WARMUP=20 CHOREO_TIMING_REPEAT=500 CHOREO_SKIP_VERIFY=1 bash build/ai_tune/fused_moe_op/fused_moe_qwen35_35b_a3b_fp8_end2end_sm90_iter043_*.cute.result --execute	(DISCARD) Tried 7 sub-approaches: (a) WGMMA unroll 11.92 (-1.3%), (b) WGMMA inline 11.90 (-1.1%), (c) tile-K 256 crashed (TMA box limit), (d) double-buffering abandoned (iter032 showed -6.8%), (e) --mem-reuse 11.91 (flat), (f) -sfv 11.94 (flat), (g) --use-prepack-v2 11.91 (flat). All Choreo compiler flags exhausted. Kernel at 77% DRAM throughput ceiling.
iter044	fused_moe_qwen35_35b_a3b_fp8_end2end_sm90_iter044_rescale	sm_90a	12.24	0.4046	memory_bound_77pct_dram_62pct_long_scoreboard_168regs_3ctas	CUDA_VISIBLE_DEVICES=1 CHOREO_ENABLE_TIMING=1 CHOREO_TIMING_WARMUP=20 CHOREO_TIMING_REPEAT=500 CHOREO_SKIP_VERIFY=1 bash build/ai_tune/fused_moe_op/fused_moe_qwen35_35b_a3b_fp8_end2end_sm90_iter044_rescale.cute.result --execute	(KEEP) Rescale-accumulator pattern: eliminate mc_scale_frag dual accumulator (64 floats) by using in-place rescale (mc /= sa*sb before WGMMA, mc *= sa*sb after). Register count 168→96, occupancy 3→5 CTAs/SM (18.75%→31.25%). 5x500-rep A/B: 12.24 vs 11.92 (+2.67%), E2E 11.82 vs 11.50
iter045	fused_moe_qwen35_35b_a3b_fp8_end2end_sm90_iter045_fusedrescale	sm_90a	12.28	0.4059	memory_bound_80pct_dram_long_scoreboard_96regs_5ctas	CUDA_VISIBLE_DEVICES=1 CHOREO_ENABLE_TIMING=1 CHOREO_TIMING_WARMUP=20 CHOREO_TIMING_REPEAT=500 CHOREO_SKIP_VERIFY=1 bash build/ai_tune/fused_moe_op/fused_moe_qwen35_35b_a3b_fp8_end2end_sm90_iter045_fusedrescale.cute.result --execute	(KEEP) Fused rescale: combine inverse-rescale(k) and scale(k) into single pass after WGMMA. For k<15: mc *= (sa_k*sb_k)/(sa_{k+1}*sb_{k+1}). For k=15: mc *= sa*sb. Eliminates one 64-element accumulator pass per K-iter from critical path, TMA starts earlier. Serving 12.28 vs 12.22 (+0.51%), E2E 11.85
iter046	fused_moe_qwen35_35b_a3b_fp8_end2end_sm90_iter046_overlap	sm_90a	12.45	0.4115	memory_bound_82pct_dram_tma_dma_serialized	CUDA_VISIBLE_DEVICES=1 CHOREO_ENABLE_TIMING=1 CHOREO_TIMING_WARMUP=20 CHOREO_TIMING_REPEAT=500 CHOREO_SKIP_VERIFY=1 bash build/ai_tune/fused_moe_op/fused_moe_qwen35_35b_a3b_fp8_end2end_sm90_iter046_overlap.cute.result --execute	(KEEP) TMA/DMA overlap: move TMA barrier.wait() to after DMA cp.async copy so TMA engine and LSU pipeline run in parallel. Combined with fused rescale from iter045. Serving 12.45 vs 12.31 (+1.14%), E2E 12.03
iter047	fused_moe_qwen35_35b_a3b_fp8_end2end_sm90_iter047_persistent	sm_90a	12.42	0.1730	persistent_kernel_work_stealing_570ctas	CUDA_VISIBLE_DEVICES=1 CHOREO_ENABLE_TIMING=1 bash build/ai_tune/fused_moe_op/fused_moe_qwen35_35b_a3b_fp8_end2end_sm90_iter047_persistent.cute.result --execute	(DISCARD) Persistent kernel with work-stealing to eliminate 50% tail wave. 570 CTAs (5/SM × 114 SMs) with global atomic counter. Serving 12.42 vs 12.45 (-0.24%), E2E 12.01. Atomic counter + __syncthreads per work item overhead outweighs tail wave savings (~1.8 items/CTA).
iter048	fused_moe_qwen35_35b_a3b_fp8_end2end_sm90_iter048_scaleprefetch	sm_90a	12.45	0.4115	long_scoreboard_18cycles_85pct_dram	CUDA_VISIBLE_DEVICES=1 CHOREO_ENABLE_TIMING=1 bash build/ai_tune/fused_moe_op/fused_moe_qwen35_35b_a3b_fp8_end2end_sm90_iter048_scaleprefetch.cute.result --execute	(DISCARD) Move __ldg scale reads before WGMMA to overlap load latency with compute. Serving 12.45 (flat vs 12.45 iter046). Compiler already schedules __ldg reads effectively; no additional benefit from explicit prefetch.
iter049	fused_moe_qwen35_35b_a3b_fp8_end2end_sm90_iter049_tma_a	sm_90a	12.34	0.4080	long_scoreboard_85pct_dram_tma_dma_parallel	CUDA_VISIBLE_DEVICES=1 CHOREO_ENABLE_TIMING=1 bash build/ai_tune/fused_moe_op/fused_moe_qwen35_35b_a3b_fp8_end2end_sm90_iter049_tma_a.cute.result --execute	(DISCARD) Replace DMA (cp.async) with TMA for A matrix, both A+B share one TMA barrier (24576 bytes). Serving 12.34 vs 12.45 (-0.88%). Regression because TMA-for-both serializes loads through same TMA engine, while DMA+TMA uses two separate hardware datapaths (LSU + TMA) in parallel.
iter050	fused_moe_qwen35_35b_a3b_fp8_end2end_sm90_iter050_cachelevel	sm_90a	12.54	0.4145	long_scoreboard_85pct_dram	CUDA_VISIBLE_DEVICES=0 CHOREO_ENABLE_TIMING=1 CHOREO_TIMING_WARMUP=20 CHOREO_TIMING_REPEAT=500 CHOREO_SKIP_VERIFY=1 bash build/ai_tune/fused_moe_op/fused_moe_qwen35_35b_a3b_fp8_end2end_sm90_iter050_cachelevel.cute.result --execute	(DISCARD) -Xptxas -dlcm=ca to force L1 caching of global loads. Serving 12.54 (flat vs 12.50 iter046). ca is already the default cache mode; no change in behavior.
iter051	fused_moe_qwen35_35b_a3b_fp8_end2end_sm90_iter051_gridswap	sm_90a	12.75	0.4214	dram_bound_84pct_l2_locality_suboptimal	CUDA_VISIBLE_DEVICES=0 CHOREO_ENABLE_TIMING=1 CHOREO_TIMING_WARMUP=20 CHOREO_TIMING_REPEAT=500 CHOREO_SKIP_VERIFY=1 bash build/ai_tune/fused_moe_op/fused_moe_qwen35_35b_a3b_fp8_end2end_sm90_iter051_gridswap.cute.result --execute	(KEEP) Swap WGMMA grid from (256,4) to (4,256): groups 4 N-tile CTAs of same expert adjacently in block schedule, improving L2 temporal locality for shared sA (lhs) data. 3x500-rep A/B: baseline 12.50 vs gridswap 12.75 serving TFLOPS (+2.0%), E2E 12.29.
iter052	fused_moe_qwen35_35b_a3b_fp8_end2end_sm90_iter052_l2persist	sm_90a	12.96	0.4283	dram_bound_84pct_l2_sA_misses	CUDA_VISIBLE_DEVICES=0 CHOREO_ENABLE_TIMING=1 CHOREO_TIMING_WARMUP=20 CHOREO_TIMING_REPEAT=500 CHOREO_SKIP_VERIFY=1 bash build/ai_tune/fused_moe_op/fused_moe_qwen35_35b_a3b_fp8_end2end_sm90_iter052_l2persist.cute.result --execute	(KEEP) Pin lhs (rep_a_q_d, 2MB) in L2 via cudaAccessPolicyWindow with hitProp=Persisting before CUDA Graph capture. Combined with iter051 grid swap, ensures sA cp.async loads always hit L2. 3x500-rep A/B: gridswap 12.75 vs +persist 12.96 serving TFLOPS (+1.6%), E2E 12.29.
iter053	fused_moe_qwen35_35b_a3b_fp8_end2end_sm90_iter053_scalecache	sm_90a	12.97	0.4283	dram_bound_84pct_scale_ldg_cached	CUDA_VISIBLE_DEVICES=0 CHOREO_ENABLE_TIMING=1 CHOREO_TIMING_WARMUP=20 CHOREO_TIMING_REPEAT=500 CHOREO_SKIP_VERIFY=1 bash build/ai_tune/fused_moe_op/fused_moe_qwen35_35b_a3b_fp8_end2end_sm90_iter053_scalecache.cute.result --execute	(DISCARD) Cache scale_a/scale_b reads across K-loop iterations: preload k=0 scales before loop, reuse k+1 reads as next iteration's k values. Eliminates ~45% of __ldg scale reads. 3x500-rep A/B: iter052 12.95 vs scalecache 12.97 serving TFLOPS (+0.15%, flat). Scale reads are too few (<3KB/iter) to be a bottleneck; compiler already hides latency.
iter054	fused_moe_qwen35_35b_a3b_fp8_end2end_sm90_iter054_tmaprefill	sm_90a	12.59	0.4283	smem_40kb_l1_regression	CUDA_VISIBLE_DEVICES=0 CHOREO_ENABLE_TIMING=1 CHOREO_TIMING_WARMUP=20 CHOREO_TIMING_REPEAT=500 CHOREO_SKIP_VERIFY=1 bash build/ai_tune/fused_moe_op/fused_moe_qwen35_35b_a3b_fp8_end2end_sm90_iter054_tmaprefill.cute.result --execute	(DISCARD) Double-buffer sB only (24KB→40KB SMEM) with TMA pre-issue after WGMMA to overlap TMA with rescale. No WGMMA serialization warning (single PTX instruction). But 3x500-rep A/B: 12.95 vs 12.59 serving TFLOPS (-2.9%). Regression from L1 cache pressure: 5CTAs×40KB=200KB SMEM leaves only 28KB L1 (vs 108KB at 24KB/CTA), devastating L1 hit rate for cp.async DMA reads. Also tried: (a) full double-buffer (both sA+sB, 48KB) caused ptxas WGMMA pipeline serialization from CUTE function calls; (b) TMA L2 promotion (flat, sB unique per CTA); (c) launch_bounds(128,6) requires <80 regs but WGMMA needs 90+.
iter055	fused_moe_qwen35_35b_a3b_fp8_end2end_sm90_iter055_branchnorm	sm_90a	12.98	0.4283	kloop_branch_elimination	CUDA_VISIBLE_DEVICES=0 CHOREO_ENABLE_TIMING=1 CHOREO_TIMING_WARMUP=20 CHOREO_TIMING_REPEAT=500 CHOREO_SKIP_VERIFY=1 bash build/ai_tune/fused_moe_op/fused_moe_qwen35_35b_a3b_fp8_end2end_sm90_iter055_branchnorm.cute.result --execute	(DISCARD) K-loop branch normalization: extract K-loop body into always_inline lambda with bool __is_last parameter, split loop into 0..14 (is_last=false) + explicit k=15 (is_last=true). Eliminates branch inside main loop body. 3x500-rep A/B: iter052 12.95 vs branchnorm 12.98 serving TFLOPS (+0.17%, flat). Compiler already handles the branch well; branch misprediction cost negligible vs memory latency.
iter056	fused_moe_qwen35_35b_a3b_fp8_end2end_sm90_iter056_inlinekloop	sm_90a	12.93	0.4283	kloop_cleanup_instruction_overhead	CUDA_VISIBLE_DEVICES=0 CHOREO_ENABLE_TIMING=1 CHOREO_TIMING_WARMUP=10 CHOREO_TIMING_REPEAT=100 bash build/ai_tune/fused_moe_op/fused_moe_qwen35_35b_a3b_fp8_end2end_sm90_iter056_inlinekloop.cute.result --execute	(DISCARD) K-loop cleanup: hoist loop-invariant rhs_expert_n_offset and lhs_m_base, remove future wrapper objects, add pragma unroll to inner WGMMA loop, remove dead code. 3x100-rep A/B: 12.93 vs 12.93 serving TFLOPS (flat). Also tried: (a) SMEM coalesced epilogue 12.68 (-2.0%), (b) L2 persist 16MB 12.96 (+0.12%). All sub-attempts discarded.
iter057	fused_moe_qwen35_35b_a3b_fp8_end2end_sm90_iter057_wgmma64	sm_90a	12.41	0.4283	wgmma_tile_occupancy	CUDA_VISIBLE_DEVICES=0 CHOREO_ENABLE_TIMING=1 CHOREO_TIMING_WARMUP=10 CHOREO_TIMING_REPEAT=200 CHOREO_SKIP_VERIFY=1 bash build/ai_tune/fused_moe_op/fused_moe_qwen35_35b_a3b_fp8_end2end_sm90_iter057_wgmma64.cute.result --execute	(DISCARD) WGMMA 64x64x32: halve N-tile to 64, reduce mc[] 64->32 regs (96->64 total), sB 16KB->8KB, 8 CTAs/SM. Grid 2048 CTAs (2.25 waves). 3x200-rep: 12.41 vs 12.93 serving TFLOPS (-4.0%). Doubled CTA count and 2.25 waves (vs 1.80) increases overhead. Also tried: launch_bounds(128,4) allowing 128 regs (4 CTAs/SM), 12.65 vs 12.93 (-2.2%). 5 CTAs/SM at 96 regs is the sweet spot.
iter058	fused_moe_qwen35_35b_a3b_fp8_end2end_sm90_iter058_ptxwait	sm_90a	12.96	0.4283	long_scoreboard_cs2r_timer_stalls	CUDA_VISIBLE_DEVICES=0 CHOREO_ENABLE_TIMING=1 CHOREO_TIMING_WARMUP=10 CHOREO_TIMING_REPEAT=500 CHOREO_SKIP_VERIFY=1 bash build/ai_tune/fused_moe_op/fused_moe_qwen35_35b_a3b_fp8_end2end_sm90_iter058_ptxwait.cute.result --execute	(DISCARD) Replace cuda::barrier::wait() with inline PTX mbarrier.try_wait.parity spin-wait to eliminate CS2R SR_GLOBALTIMERLO stalls (~8% of long_sb). 3x500-rep A/B: baseline 12.955 vs ptxwait 12.964 serving TFLOPS (+0.07%, flat). Timer reads were not on critical path; barrier wait time dominated by actual TMA latency, not backoff overhead.
iter059	fused_moe_qwen35_35b_a3b_fp8_end2end_sm90_iter059_redadd	sm_90a	12.95	0.4283	atomg_stall_epilogue	CUDA_VISIBLE_DEVICES=0 CHOREO_ENABLE_TIMING=1 CHOREO_TIMING_WARMUP=10 CHOREO_TIMING_REPEAT=500 CHOREO_SKIP_VERIFY=1 bash build/ai_tune/fused_moe_op/fused_moe_qwen35_35b_a3b_fp8_end2end_sm90_iter059_redadd.cute.result --execute	(DISCARD) Replace atomicAdd (ATOMG.ADD with unused return value) with fire-and-forget RED.relaxed.gpu.global.add.f32 via inline PTX in epilogue scatter. SASS confirmed REDG.E.ADD replaces ATOMG. 3x500-rep A/B: baseline 12.955 vs red 12.949 serving TFLOPS (-0.05%, flat). Epilogue is not on critical path; kernel time is dominated by K-loop memory loads.
iter060	fused_moe_qwen35_35b_a3b_fp8_end2end_sm90_iter060_baropt	sm_90a	12.93	0.4283	barrier_overhead_127_arrive_wait	CUDA_VISIBLE_DEVICES=0 CHOREO_ENABLE_TIMING=1 CHOREO_TIMING_WARMUP=10 CHOREO_TIMING_REPEAT=500 CHOREO_SKIP_VERIFY=1 bash build/ai_tune/fused_moe_op/fused_moe_qwen35_35b_a3b_fp8_end2end_sm90_iter060_baropt.cute.result --execute	(DISCARD) Reduce TMA barrier count from 128 to 1: only leader thread arrives+waits, non-leaders skip barrier ops entirely, rely on __syncthreads(). Eliminates 127 barrier.arrive() + 127 barrier.wait() per K-iteration. 3x500-rep A/B: baseline 12.955 vs baropt 12.933 serving TFLOPS (-0.17%, flat). Barrier ops were already fast (shared memory atomics); savings negligible vs DRAM latency.
iter061	fused_moe_qwen35_35b_a3b_fp8_end2end_sm90_iter061_epilogpre	sm_90a	12.94	0.4283	epilogue_memory_latency	CUDA_VISIBLE_DEVICES=0 CHOREO_ENABLE_TIMING=1 CHOREO_TIMING_WARMUP=10 CHOREO_TIMING_REPEAT=500 CHOREO_SKIP_VERIFY=1 bash build/ai_tune/fused_moe_op/fused_moe_qwen35_35b_a3b_fp8_end2end_sm90_iter061_epilogpre.cute.result --execute	(DISCARD) Preload epilogue data (sorted_route_ids, topk_weights, output addresses) into registers before K-loop to hide memory latency behind 16 K-iterations of compute. 3x500-rep A/B: baseline 12.955 vs epilogpre 12.942 serving TFLOPS (-0.10%, flat). Epilogue load latency (~500ns) is negligible vs 156us kernel; K-loop already hides it. Still 96 regs, same occupancy.
iter062	fused_moe_qwen35_35b_a3b_fp8_end2end_sm90_iter062_kunroll	sm_90a	12.97	0.4283	kloop_ilp_instruction_latency	CUDA_VISIBLE_DEVICES=0 CHOREO_ENABLE_TIMING=1 CHOREO_TIMING_WARMUP=10 CHOREO_TIMING_REPEAT=500 CHOREO_SKIP_VERIFY=1 bash build/ai_tune/fused_moe_op/fused_moe_qwen35_35b_a3b_fp8_end2end_sm90_iter062_kunroll.cute.result --execute	(DISCARD) K-loop #pragma unroll 2: partially unroll K-loop body to allow compiler to interleave instructions from 2 consecutive K-iterations. Confirmed 2 warpgroup.wait injections (vs 1 baseline). 3x500-rep A/B: baseline 12.955 vs kunroll 12.974 serving TFLOPS (+0.15%, flat/noise). DRAM-bound kernel; ILP improvement negligible vs memory latency.
iter063	fused_moe_qwen35_35b_a3b_fp8_end2end_sm90_iter063_combo	sm_90a	12.93	0.4283	micro_opts_exhausted_combo	CUDA_VISIBLE_DEVICES=1 EXTRA_TARGET_CFLAGS="--use_fast_math" CHOREO_ENABLE_TIMING=1 CHOREO_TIMING_WARMUP=20 CHOREO_TIMING_REPEAT=500 CHOREO_SKIP_VERIFY=1 bash build/ai_tune/fused_moe_op/fused_moe_qwen35_35b_a3b_fp8_end2end_sm90_iter063_combo.cute.result --execute	(DISCARD) Combine RED.ADD epilogue + K-loop #pragma unroll 2: test whether individually-flat micro-optimizations have cumulative effect. Still 96 regs, 5 CTAs/SM. 3x500-rep A/B on GPU1: baseline 12.894 vs combo 12.927 serving TFLOPS (+0.26%, flat/noise). Sub-linear combination confirms no hidden synergy.
iter064	fused_moe_qwen35_35b_a3b_fp8_end2end_sm90_iter064_tmapipe	sm_90a	12.93	0.4283	tma_rescale_overlap	CUDA_VISIBLE_DEVICES=1 EXTRA_TARGET_CFLAGS="--use_fast_math" CHOREO_ENABLE_TIMING=1 CHOREO_TIMING_WARMUP=20 CHOREO_TIMING_REPEAT=500 CHOREO_SKIP_VERIFY=1 bash build/ai_tune/fused_moe_op/fused_moe_qwen35_35b_a3b_fp8_end2end_sm90_iter064_tmapipe.cute.result --execute	(DISCARD) Software-pipelined TMA: issue TMA for sB[k+1] after explicit warpgroup_commit+wait but before rescale, overlapping TMA latency with rescale computation. Verified correct (test passed). 3x500-rep A/B on GPU1: baseline 12.912 vs tmapipe 12.927 serving TFLOPS (+0.12%, flat). Rescale is ~16 cycles of FMULs, negligible vs TMA latency (~1000 cycles).
iter065	fused_moe_qwen35_35b_a3b_fp8_end2end_sm90_iter065_qsgopt	sm_90a	13.14	0.4342	qsg_serial_loads_serial_max_reduction	CUDA_VISIBLE_DEVICES=1 EXTRA_TARGET_CFLAGS="--use_fast_math" CHOREO_ENABLE_TIMING=1 CHOREO_TIMING_WARMUP=20 CHOREO_TIMING_REPEAT=500 CHOREO_SKIP_VERIFY=1 bash build/ai_tune/fused_moe_op/fused_moe_qwen35_35b_a3b_fp8_end2end_sm90_iter065_qsgopt.cute.result --execute	(KEEP) Optimize QSG kernel: (1) pipeline 16 DRAM loads by separating load phase from reduction phase, enabling memory-level parallelism across K-blocks; (2) parallelize cross-warp max reduction from 1 thread to 16 threads (one per K-block); (3) use branchless fmaxf+__ldg instead of branchy if-else+raw loads; (4) remove redundant __syncthreads. 3x500-rep A/B on GPU1: baseline 12.886 vs qsgopt 13.139 serving TFLOPS (+1.97%).
iter066	fused_moe_qwen35_35b_a3b_fp8_end2end_sm90_iter066_qsgpar	sm_90a	13.29	0.4392	qsg_serial_slot_assignment	CUDA_VISIBLE_DEVICES=1 EXTRA_TARGET_CFLAGS="--use_fast_math" CHOREO_ENABLE_TIMING=1 CHOREO_TIMING_WARMUP=20 CHOREO_TIMING_REPEAT=500 CHOREO_SKIP_VERIFY=1 bash build/ai_tune/fused_moe_op/fused_moe_qwen35_35b_a3b_fp8_end2end_sm90_iter066_qsgpar.cute.result --execute	(KEEP) Parallelize QSG slot assignment: replace thread-0-only serial loop (8 iterations of atomicAdd+store) with 8-thread parallel assignment (threads 0..7 each handle one topk selection). Reduces slot assignment from ~800 cycles to ~100 cycles per block. 3x500-rep A/B on GPU1: iter065 13.126 vs qsgpar 13.289 serving TFLOPS (+1.24%).
iter067	fused_moe_qwen35_35b_a3b_fp8_end2end_sm90_iter067_parscan	sm_90a	13.34	0.4409	count_build_serial_prefix_sum	CUDA_VISIBLE_DEVICES=1 EXTRA_TARGET_CFLAGS="--use_fast_math" CHOREO_ENABLE_TIMING=1 CHOREO_TIMING_WARMUP=20 CHOREO_TIMING_REPEAT=500 CHOREO_SKIP_VERIFY=1 bash build/ai_tune/fused_moe_op/fused_moe_qwen35_35b_a3b_fp8_end2end_sm90_iter067_parscan.cute.result --execute	(KEEP) Parallel Hillis-Steele prefix scan in count_and_build: replace thread-0-only serial O(256) prefix sum with 256-thread parallel inclusive scan in O(log 256)=8 steps. Reduces scan from ~5120 to ~320 cycles. 3x500-rep A/B on GPU1: iter066 13.294 vs parscan 13.339 serving TFLOPS (+0.34%, marginal but consistent).
iter068	fused_moe_qwen35_35b_a3b_fp8_end2end_sm90_iter068_cabopt	sm_90a	13.42	0.4435	count_build_serial_topk_loads	CUDA_VISIBLE_DEVICES=1 EXTRA_TARGET_CFLAGS="--use_fast_math" CHOREO_ENABLE_TIMING=1 CHOREO_TIMING_WARMUP=20 CHOREO_TIMING_REPEAT=500 CHOREO_SKIP_VERIFY=1 bash build/ai_tune/fused_moe_op/fused_moe_qwen35_35b_a3b_fp8_end2end_sm90_iter068_cabopt.cute.result --execute	(KEEP) Pipeline topk_ids loads in count_and_build: batch all 4 __ldg loads before atomicAdds to exploit memory-level parallelism and hide DRAM latency. 3x500-rep A/B on GPU1: iter067 13.329 vs cabopt 13.415 serving TFLOPS (+0.65%).
iter069	fused_moe_qwen35_35b_a3b_fp8_end2end_sm90_iter069_scaleovlp	sm_90a	13.47	0.4451	scale_load_tma_overlap	CUDA_VISIBLE_DEVICES=1 EXTRA_TARGET_CFLAGS="--use_fast_math" CHOREO_ENABLE_TIMING=1 CHOREO_TIMING_WARMUP=50 CHOREO_TIMING_REPEAT=500 bash build/ai_tune/fused_moe_op/fused_moe_qwen35_35b_a3b_fp8_end2end_sm90_iter069_scaleovlp.cute.result --execute --skip-verify	(KEEP) Overlap scale factor loads with in-flight TMA: move scale_a and scale_b DRAM loads from after TMA wait to between DMA completion and TMA barrier wait, hiding scale load latency behind TMA transfer. Same 96 regs, 5 CTAs/SM. 6x500-rep A/B on GPU1: iter068 13.411 vs scaleovlp 13.466 serving TFLOPS (+0.41%, consistent across all 6 runs).
iter070	fused_moe_qwen35_35b_a3b_fp8_end2end_sm90_iter070_asyncdma	sm_90a	13.47	0.4451	async_dma_tma_scale_overlap	CUDA_VISIBLE_DEVICES=1 EXTRA_TARGET_CFLAGS="--use_fast_math" CHOREO_ENABLE_TIMING=1 CHOREO_TIMING_WARMUP=50 CHOREO_TIMING_REPEAT=500 bash build/ai_tune/fused_moe_op/fused_moe_qwen35_35b_a3b_fp8_end2end_sm90_iter070_asyncdma.cute.result --execute --skip-verify	(DISCARD) Async DMA for lhs loads: replace synchronous copy_if_g2s with async variant (cp_async_fence without cp_async_wait), place scale factor loads between DMA issue and DMA wait to triple-overlap DMA+TMA+scale loads. Still 96 regs, 5 CTAs/SM. 3x500-rep A/B on GPU1: iter069 13.457 vs asyncdma 13.470 serving TFLOPS (+0.10%, flat/noise). DMA and scale loads already overlapped with TMA in iter069; making DMA explicitly async adds no additional overlap benefit.
iter071	fused_moe_qwen35_35b_a3b_fp8_end2end_sm90_iter071_tmadbl3	sm_90a	12.21	0.4037	wgmma_dram_throughput_drop_tmadoublebuf	CUDA_VISIBLE_DEVICES=1 EXTRA_TARGET_CFLAGS="--use_fast_math" CHOREO_ENABLE_TIMING=1 CHOREO_TIMING_WARMUP=50 CHOREO_TIMING_REPEAT=500 bash build/ai_tune/fused_moe_op/fused_moe_qwen35_35b_a3b_fp8_end2end_sm90_iter071_tmadbl3.cute.result --execute --skip-verify	(DISCARD) TMA double-buffering for sB in WGMMA: alternating ping-pong TMA buffers with 2 barriers to overlap TMA(k+1) with WGMMA(k). Tried 3 placement variants (tmadbl/tmadbl2/tmadbl3). All regressed -9.3% (12.21 vs 13.47 TFLOPS). Control experiment (smempad, 40KB SMEM no double-buf) showed flat, proving regression is from double-buffer logic itself (extra barrier + sB pointer alternation). NCU showed DRAM throughput dropped 85%→77% despite same data volume. Root cause: additional barrier management and pointer indirection disrupt compiler SASS scheduling for WGMMA pipeline.
iter072	fused_moe_qwen35_35b_a3b_fp8_end2end_sm90_iter072_hoistdesc	sm_90a	13.46	0.4451	wgmma_descriptor_computation_in_kloop	CUDA_VISIBLE_DEVICES=1 EXTRA_TARGET_CFLAGS="--use_fast_math" CHOREO_ENABLE_TIMING=1 CHOREO_TIMING_WARMUP=50 CHOREO_TIMING_REPEAT=500 bash build/ai_tune/fused_moe_op/fused_moe_qwen35_35b_a3b_fp8_end2end_sm90_iter072_hoistdesc.cute.result --execute --skip-verify	(DISCARD) Hoist 8 WGMMA SMEM descriptors + loop-invariant values out of K-loop, add #pragma unroll to inner WGMMA loop, fuse epilogue weight multiplication into k=15 rescale, hoist epilogue data preload. 3x500-rep A/B on GPU1: baseline 13.449 vs hoistdesc 13.464 serving TFLOPS (+0.11%, flat/noise). Compiler already performs LICM for descriptors; weight fusion saves only 64 MULs/thread (negligible).
iter073	fused_moe_qwen35_35b_a3b_fp8_end2end_sm90_iter073_nodiag	sm_90a	13.48	0.4451	future_tmaatom_diagnosis_overhead	CUDA_VISIBLE_DEVICES=1 EXTRA_TARGET_CFLAGS="--use_fast_math" CHOREO_ENABLE_TIMING=1 CHOREO_TIMING_WARMUP=50 CHOREO_TIMING_REPEAT=500 bash build/ai_tune/fused_moe_op/fused_moe_qwen35_35b_a3b_fp8_end2end_sm90_iter073_nodiag.cute.result --execute --skip-verify	(DISCARD) Remove __CHOREO_DMA_DIAGNOSIS__ flag to eliminate future/TMAAtom diagnostic branch overhead in K-loop. 3x500-rep A/B on GPU1: baseline 13.471 vs nodiag 13.476 serving TFLOPS (+0.04%, flat/noise). Compiler at -O3 already eliminates unreachable diagnostic branches; removing the flag has no effect.
iter074	fused_moe_qwen35_35b_a3b_fp8_end2end_sm90_iter074_redrelax	sm_90a	13.43	0.4451	epilogue_atomicadd_return_value_overhead	CUDA_VISIBLE_DEVICES=1 EXTRA_TARGET_CFLAGS="--use_fast_math" CHOREO_ENABLE_TIMING=1 CHOREO_TIMING_WARMUP=50 CHOREO_TIMING_REPEAT=500 bash build/ai_tune/fused_moe_op/fused_moe_qwen35_35b_a3b_fp8_end2end_sm90_iter074_redrelax.cute.result --execute --skip-verify	(DISCARD) Replace epilogue atomicAdd with PTX red.relaxed.gpu.global.add.f32 (fire-and-forget reduction, no return value). 3x500-rep A/B on GPU1: baseline 13.471 vs redrelax 13.435 serving TFLOPS (-0.27%, flat/noise). On Hopper, ATOMG and REDG have similar throughput; compiler already discards unused atomicAdd return value.
iter075	fused_moe_qwen35_35b_a3b_fp8_end2end_sm90_iter075_lbounds	sm_90a	13.38	0.4451	wgmma_occupancy_5vs4_ctas	CUDA_VISIBLE_DEVICES=1 EXTRA_TARGET_CFLAGS="--use_fast_math" CHOREO_ENABLE_TIMING=1 CHOREO_TIMING_WARMUP=50 CHOREO_TIMING_REPEAT=500 bash build/ai_tune/fused_moe_op/fused_moe_qwen35_35b_a3b_fp8_end2end_sm90_iter075_lbounds.cute.result --execute --skip-verify	(DISCARD) __launch_bounds__(128,4) to trade occupancy (5→4 CTAs/SM) for better tail wave efficiency (77.6%→97%) and more registers (96→128). 3x500-rep A/B on GPU1: baseline 13.471 vs lbounds 13.380 serving TFLOPS (-0.68%). Reduced occupancy hurts DRAM throughput more than tail wave improvement helps on memory-bound kernel. 6 CTAs/SM impossible (WGMMA needs 90+ registers, min for 6=85).
iter076	fused_moe_qwen35_35b_a3b_fp8_end2end_sm90_iter076_expopt	sm_90a	13.45	0.4451	ptxas_expensive_optimizations_flag	CUDA_VISIBLE_DEVICES=1 EXTRA_TARGET_CFLAGS="--use_fast_math" CHOREO_ENABLE_TIMING=1 CHOREO_TIMING_WARMUP=50 CHOREO_TIMING_REPEAT=500 bash build/ai_tune/fused_moe_op/fused_moe_qwen35_35b_a3b_fp8_end2end_sm90_iter076_expopt.cute.result --execute --skip-verify	(DISCARD) Add -Xptxas=-allow-expensive-optimizations=true flag for aggressive SASS instruction scheduling. 3x500-rep A/B on GPU1: baseline 13.471 vs expopt 13.446 serving TFLOPS (-0.19%, flat/noise). Flag had no observable effect on register usage or SASS scheduling quality.
iter077	fused_moe_qwen35_35b_a3b_fp8_end2end_sm90_iter077_kunroll	sm_90a	FAIL	-	kloop_unroll_future_conflict	CUDA_VISIBLE_DEVICES=1 EXTRA_TARGET_CFLAGS="--use_fast_math" CHOREO_ENABLE_TIMING=1 CHOREO_TIMING_WARMUP=50 CHOREO_TIMING_REPEAT=500 bash build/ai_tune/fused_moe_op/fused_moe_qwen35_35b_a3b_fp8_end2end_sm90_iter077_kunroll.cute.result --execute --skip-verify	(DISCARD) Full #pragma unroll on K-loop (16 iterations). Compiled with 96 regs (same as baseline) but runtime assertion failure: future struct state machine conflicts when 16 unrolled iterations share the same TMA barrier. The compiler reorders TMA_issue/wait across unrolled copies, breaking the sequential barrier reuse invariant.
iter078	fused_moe_qwen35_35b_a3b_fp8_end2end_sm90_iter078_qsgcopy	sm_90a	13.46	0.4451	qsg_copy_loop_unroll	CUDA_VISIBLE_DEVICES=1 EXTRA_TARGET_CFLAGS="--use_fast_math" CHOREO_ENABLE_TIMING=1 CHOREO_TIMING_WARMUP=50 CHOREO_TIMING_REPEAT=500 bash build/ai_tune/fused_moe_op/fused_moe_qwen35_35b_a3b_fp8_end2end_sm90_iter078_qsgcopy.cute.result --execute --skip-verify	(DISCARD) Unroll QSG output copy loop: preload all 8 slots and source data once, then #pragma unroll the 8 store iterations for better store interleaving. 3x500-rep A/B on GPU1: baseline 13.471 vs qsgcopy 13.457 serving TFLOPS (-0.10%, flat/noise). Compiler at -O3 already optimizes the copy loop; explicit unrolling adds no benefit.
iter079	fused_moe_qwen35_35b_a3b_fp8_end2end_sm90_iter079_qsg256	sm_90a	13.66	0.4516	qsg_low_occupancy_128_threads	CUDA_VISIBLE_DEVICES=1 EXTRA_TARGET_CFLAGS="--use_fast_math" CHOREO_ENABLE_TIMING=1 CHOREO_TIMING_WARMUP=50 CHOREO_TIMING_REPEAT=500 bash build/ai_tune/fused_moe_op/fused_moe_qwen35_35b_a3b_fp8_end2end_sm90_iter079_qsg256.cute.result --execute --skip-verify	(KEEP) Double QSG thread count from 128 to 256 to improve occupancy from 6.25% to 12.5%. Adapted all phases: 8 input loads/thread (vs 16), split max reduction into 2 K-block halves per iteration (8 warps, 4 per K-block), 8-byte vectorized output copies (uint2 vs uint4). 6x500-rep A/B on GPU1: iter069 13.472 vs qsg256 13.660 serving TFLOPS (+1.40%, consistent across all 6 runs).
iter080	fused_moe_qwen35_35b_a3b_fp8_end2end_sm90_iter080_qsg512	sm_90a	13.70	0.4530	qsg_256_thread_occupancy	CUDA_VISIBLE_DEVICES=1 EXTRA_TARGET_CFLAGS="--use_fast_math" CHOREO_ENABLE_TIMING=1 CHOREO_TIMING_WARMUP=50 CHOREO_TIMING_REPEAT=500 bash build/ai_tune/fused_moe_op/fused_moe_qwen35_35b_a3b_fp8_end2end_sm90_iter080_qsg512.cute.result --execute --skip-verify	(KEEP) Increase QSG to 512 threads for 25% occupancy. 4 iterations × 4 K-blocks per iteration, 16 warps (4 per K-block), 4-byte output copies (uint32_t). 6x500-rep A/B on GPU1: iter079 13.660 vs qsg512 13.701 serving TFLOPS (+0.30%). Cumulative +1.70% vs iter069 baseline.
iter081	qsg1024	QSG 1024 threads (50% occupancy)	13.691	-0.07%	DISCARD	baseline=iter080 (13.701); flat, diminishing returns from further thread increase
iter082	l2out	L2 persistence for output instead of rep_a_q	13.633	-0.50%	DISCARD	baseline=iter080 (13.701); swapped L2 persist from rep_a_q to output, regression
iter083	maxl1	MaxL1 SMEM carveout for WGMMA kernel	10.833	-20.93%	DISCARD	baseline=iter080 (13.701); massive regression, SMEM config too small for >1 block/SM
iter084	persist	Persistent WGMMA kernel (570 blocks, work-stealing)	13.470	-1.68%	DISCARD	baseline=iter080 (13.701); atomic counter + sync overhead > tail-effect savings
iter085	l2dual	Right-sized L2 persistence for rep_a_q (2MB vs 16MB window)	13.713	+0.09%	DISCARD	baseline=iter080 (13.701); flat, L2 already caching actual data effectively
iter086	deferwait	Defer cp_async_wait after scale preload	13.704	+0.02%	DISCARD	baseline=iter080 (13.701); flat, cp.async already fast enough
iter087	combo	Combined: defer cp_async_wait + right-sized L2 + no DMA diagnosis	13.706	+0.04%	DISCARD	baseline=iter080 (13.701); three micro-opts combined still flat
iter088	epilunrl	Force-unroll epilogue scatter loop (16 iterations)	13.714	+0.10%	DISCARD	baseline=iter080 (13.701); flat, compiler likely already unrolling
iter089	scfirst	Reorder scale preload before DMA copy	13.716	+0.11%	DISCARD	baseline=iter080 (13.701); flat, reordering had no measurable impact
iter090	nocomwt	Remove explicit warpgroup_commit_batch+wait (rely on compiler-injected WG.DP)	13.702	+0.01%	DISCARD	baseline=iter080 (13.701); flat, compiler inserts WG.DP in divergent path
iter091	lhstma	Convert LHS loading from DMA (cp.async) to TMA (cp_async_bulk_tensor_2d)	13.624	-0.56%	DISCARD	baseline=iter080 (13.701); regression, TMA overhead for small 8KB LHS tiles outweighs benefit
iter092	epilpreload	Preload epilogue data (route_ids, topk_weights) before K-loop to overlap latency	13.530	-1.25%	DISCARD	baseline=iter080 (13.701); regression, register pressure from holding preloaded values across K-loop causes spills
iter093	combo2	Combined: scale preload before DMA + epilogue unroll	13.693	-0.06%	DISCARD	baseline=iter080 (13.701); flat, micro-opts don't accumulate meaningfully
iter094	n64	Switch WGMMA from MMA_64x128x32 to MMA_64x64x32 (halve N-tile, halve sB SMEM)	13.550	-1.10%	DISCARD	baseline=iter080 (13.701); regression, doubled blocks and TMA operations outweigh occupancy benefit
iter095	noarr	Remove explicit warpgroup_arrive() + #pragma unroll WGMMA sub-loop	13.666	-0.26%	DISCARD	baseline=iter080 (13.701); compiler inserts WG.AR in divergent path causing serialization
iter096	ldgsb	Use __ldg for scale_b loads (read-only texture cache path)	13.687	-0.10%	DISCARD	baseline=iter080 (13.701); flat, __ldg and regular loads equivalent on SM90
iter097	cab1024	Increase count_and_build from 256 to 1024 threads	13.681	-0.15%	DISCARD	baseline=iter080 (13.701); flat, count_and_build only 5.5us/170us total, optimization irrelevant
iter098	nosync	Remove redundant __syncthreads after TMA barrier.wait	13.69	-0.08%	DISCARD	baseline=iter080 (13.701); flat, ptxas already optimizes away the redundant sync
iter099	fusememset	Fuse cudaMemsetAsync(output_d) into QSG kernel start	13.80	+0.71%	KEEP	baseline=iter080 (13.701); 6x500-rep: avg 13.804 vs 13.707 (+0.71%). Eliminated CUDA graph memset node by having each QSG thread zero one output float at kernel start (128 blocks × 512 threads = 65536 = M×N).
